0.0000__64.0000, 0.9801__64.0000, 1.9630__64.0000, 2.9638__64.0000, 3.9550__64.0000, 4.9462__64.0000, 5.9413__64.0000, 6.9383__64.0000, 7.9356__64.0000, 8.9300__64.0000, 9.9273__64.0000, 10.9265__64.0000, 11.9276__64.0000, 12.9292__64.0000, 13.9313__64.0000, 14.9341__64.0000, 15.9358__64.0000, 16.9371__64.0000, 17.9381__64.0000, 18.9390__64.0000, 19.9405__64.0000, 20.9409__64.0000, 21.9411__64.0000, 22.9410__64.0000, 23.9409__64.0000, 24.9461__64.0000, 25.9480__64.0000, 26.9494__64.0000, 27.9469__64.0000, 28.9601__64.0000, 29.9707__64.0000, 30.9704__64.0000, 31.9719__64.0000, 32.9722__64.0000, 33.9727__64.0000, 34.9728__64.0000, 35.9730__64.0000, 36.9730__64.0000, 37.9732__64.0000, 38.9735__64.0000, 39.9748__64.0000, 40.9752__64.0000, 41.9790__64.0000, 42.9783__64.0000, 43.9824__64.0000, 44.9818__64.0000, 45.9821__64.0000, 46.9822__64.0000, 47.9855__64.0000, 48.9950__64.0000, 49.9954__64.0000, 50.9926__64.0000, 51.9973__64.0000, 52.9975__64.0000, 53.9985__64.0000, 55.0003__64.0000, 55.9957__64.0000, 57.0026__64.0000, 58.0157__64.0000, 59.0135__64.0000, 60.0090__64.0000, 61.0053__64.0000, 62.0027__64.0000, 63.0013__64.0000, 64.0000__64.0000, 
0.0000__63.0134, 0.9803__63.0135, 1.9650__63.0114, 2.9637__63.0093, 3.9545__63.0102, 4.9459__63.0109, 5.9420__63.0104, 6.9392__63.0088, 7.9361__63.0075, 8.9300__63.0071, 9.9276__63.0067, 10.9264__63.0065, 11.9274__63.0068, 12.9288__63.0074, 13.9310__63.0081, 14.9350__63.0074, 15.9360__63.0067, 16.9372__63.0066, 17.9383__63.0064, 18.9392__63.0060, 19.9405__63.0059, 20.9411__63.0057, 21.9412__63.0055, 22.9411__63.0053, 23.9411__63.0048, 24.9447__63.0057, 25.9484__63.0069, 26.9515__63.0049, 27.9498__63.0003, 28.9590__62.9981, 29.9682__63.0017, 30.9706__63.0039, 31.9720__63.0034, 32.9719__63.0037, 33.9719__63.0048, 34.9731__63.0054, 35.9732__63.0050, 36.9732__63.0046, 37.9731__63.0044, 38.9730__63.0048, 39.9755__63.0047, 40.9764__63.0029, 41.9783__63.0024, 42.9784__63.0030, 43.9815__63.0036, 44.9818__63.0047, 45.9828__63.0042, 46.9830__63.0028, 47.9863__63.0013, 48.9945__63.0008, 49.9952__63.0015, 50.9937__63.0007, 51.9969__62.9998, 52.9967__63.0011, 53.9998__63.0008, 55.0009__62.9994, 55.9994__62.9955, 57.0042__62.9904, 58.0121__62.9925, 59.0110__62.9983, 60.0079__63.0013, 61.0048__63.0026, 62.0028__63.0028, 63.0012__63.0030, 64.0000__63.0032, 
0.0000__62.0241, 0.9810__62.0236, 1.9693__62.0207, 2.9633__62.0184, 3.9534__62.0195, 4.9462__62.0195, 5.9433__62.0183, 6.9407__62.0171, 7.9365__62.0168, 8.9313__62.0153, 9.9280__62.0140, 10.9266__62.0133, 11.9266__62.0136, 12.9287__62.0139, 13.9316__62.0126, 14.9351__62.0126, 15.9361__62.0133, 16.9373__62.0132, 17.9385__62.0129, 18.9396__62.0126, 19.9407__62.0122, 20.9414__62.0118, 21.9416__62.0112, 22.9415__62.0105, 23.9412__62.0104, 24.9447__62.0093, 25.9492__62.0076, 26.9533__62.0073, 27.9539__62.0059, 28.9577__62.0045, 29.9650__62.0059, 30.9710__62.0066, 31.9715__62.0067, 32.9707__62.0079, 33.9712__62.0087, 34.9725__62.0095, 35.9736__62.0103, 36.9739__62.0096, 37.9735__62.0086, 38.9734__62.0074, 39.9759__62.0068, 40.9776__62.0071, 41.9774__62.0075, 42.9786__62.0078, 43.9802__62.0078, 44.9803__62.0093, 45.9842__62.0100, 46.9841__62.0085, 47.9875__62.0078, 48.9963__62.0057, 49.9950__62.0040, 50.9953__62.0034, 51.9969__62.0023, 52.9961__62.0018, 53.9996__62.0028, 55.0034__62.0022, 56.0040__61.9992, 57.0056__61.9981, 58.0074__61.9995, 59.0074__62.0021, 60.0060__62.0041, 61.0042__62.0051, 62.0024__62.0057, 63.0001__62.0070, 64.0000__62.0080, 
0.0000__61.0303, 0.9818__61.0300, 1.9718__61.0295, 2.9631__61.0292, 3.9533__61.0288, 4.9474__61.0277, 5.9445__61.0263, 6.9416__61.0253, 7.9371__61.0242, 8.9332__61.0229, 9.9288__61.0216, 10.9273__61.0207, 11.9260__61.0205, 12.9294__61.0200, 13.9323__61.0198, 14.9342__61.0201, 15.9361__61.0202, 16.9376__61.0199, 17.9388__61.0195, 18.9399__61.0193, 19.9415__61.0186, 20.9420__61.0177, 21.9425__61.0168, 22.9424__61.0157, 23.9419__61.0141, 24.9458__61.0136, 25.9487__61.0148, 26.9543__61.0150, 27.9563__61.0125, 28.9575__61.0110, 29.9643__61.0110, 30.9713__61.0110, 31.9708__61.0113, 32.9702__61.0112, 33.9704__61.0116, 34.9716__61.0124, 35.9728__61.0138, 36.9749__61.0144, 37.9750__61.0123, 38.9746__61.0109, 39.9759__61.0102, 40.9767__61.0107, 41.9757__61.0128, 42.9799__61.0129, 43.9807__61.0111, 44.9806__61.0089, 45.9850__61.0072, 46.9867__61.0051, 47.9884__61.0021, 48.9953__61.0045, 49.9946__61.0081, 50.9971__61.0073, 51.9975__61.0060, 52.9964__61.0058, 54.0002__61.0038, 55.0041__61.0032, 56.0046__61.0048, 57.0053__61.0051, 58.0059__61.0057, 59.0058__61.0067, 60.0049__61.0076, 61.0036__61.0083, 62.0017__61.0088, 62.9992__61.0090, 64.0000__61.0090, 
0.0000__60.0404, 0.9823__60.0398, 1.9714__60.0395, 2.9633__60.0400, 3.9544__60.0392, 4.9490__60.0376, 5.9462__60.0355, 6.9428__60.0336, 7.9388__60.0317, 8.9342__60.0301, 9.9299__60.0289, 10.9276__60.0282, 11.9264__60.0277, 12.9296__60.0276, 13.9320__60.0278, 14.9342__60.0277, 15.9363__60.0273, 16.9381__60.0268, 17.9395__60.0261, 18.9405__60.0250, 19.9423__60.0242, 20.9429__60.0235, 21.9435__60.0225, 22.9439__60.0211, 23.9438__60.0190, 24.9457__60.0174, 25.9473__60.0173, 26.9552__60.0181, 27.9586__60.0177, 28.9597__60.0147, 29.9637__60.0131, 30.9704__60.0149, 31.9706__60.0159, 32.9707__60.0156, 33.9700__60.0150, 34.9703__60.0154, 35.9685__60.0196, 36.9780__60.0208, 37.9779__60.0164, 38.9757__60.0141, 39.9760__60.0136, 40.9753__60.0145, 41.9756__60.0141, 42.9808__60.0130, 43.9811__60.0137, 44.9836__60.0131, 45.9862__60.0106, 46.9891__60.0091, 47.9893__60.0083, 48.9914__60.0084, 49.9938__60.0096, 50.9976__60.0103, 51.9982__60.0104, 52.9976__60.0089, 54.0014__60.0084, 55.0019__60.0101, 56.0039__60.0113, 57.0054__60.0112, 58.0053__60.0111, 59.0052__60.0115, 60.0044__60.0118, 61.0032__60.0121, 62.0016__60.0121, 62.9997__60.0115, 64.0000__60.0110, 
0.0000__59.0522, 0.9839__59.0508, 1.9704__59.0499, 2.9636__59.0504, 3.9556__59.0495, 4.9507__59.0481, 5.9484__59.0462, 6.9447__59.0440, 7.9408__59.0421, 8.9359__59.0398, 9.9314__59.0375, 10.9276__59.0366, 11.9268__59.0365, 12.9294__59.0362, 13.9321__59.0359, 14.9347__59.0354, 15.9369__59.0347, 16.9388__59.0339, 17.9404__59.0329, 18.9418__59.0317, 19.9429__59.0308, 20.9441__59.0297, 21.9446__59.0284, 22.9459__59.0269, 23.9463__59.0244, 24.9473__59.0217, 25.9485__59.0189, 26.9546__59.0173, 27.9586__59.0184, 28.9614__59.0199, 29.9634__59.0198, 30.9690__59.0197, 31.9704__59.0206, 32.9714__59.0204, 33.9709__59.0194, 34.9693__59.0189, 35.9679__59.0160, 36.9791__59.0143, 37.9791__59.0170, 38.9764__59.0176, 39.9756__59.0178, 40.9748__59.0181, 41.9763__59.0188, 42.9812__59.0185, 43.9808__59.0171, 44.9846__59.0170, 45.9894__59.0152, 46.9891__59.0135, 47.9906__59.0131, 48.9914__59.0119, 49.9924__59.0127, 50.9974__59.0136, 51.9980__59.0140, 52.9985__59.0150, 54.0005__59.0152, 55.0013__59.0150, 56.0033__59.0151, 57.0054__59.0158, 58.0052__59.0159, 59.0049__59.0160, 60.0042__59.0161, 61.0032__59.0160, 62.0019__59.0158, 63.0005__59.0151, 64.0000__59.0146, 
0.0000__58.0620, 0.9851__58.0621, 1.9703__58.0615, 2.9630__58.0616, 3.9574__58.0614, 4.9526__58.0588, 5.9506__58.0566, 6.9467__58.0545, 7.9423__58.0533, 8.9392__58.0503, 9.9328__58.0479, 10.9280__58.0468, 11.9272__58.0459, 12.9299__58.0451, 13.9327__58.0443, 14.9355__58.0434, 15.9379__58.0423, 16.9399__58.0411, 17.9416__58.0398, 18.9430__58.0384, 19.9439__58.0372, 20.9458__58.0358, 21.9459__58.0339, 22.9482__58.0321, 23.9487__58.0299, 24.9495__58.0282, 25.9517__58.0257, 26.9541__58.0242, 27.9573__58.0248, 28.9606__58.0250, 29.9644__58.0251, 30.9684__58.0249, 31.9700__58.0254, 32.9722__58.0249, 33.9719__58.0238, 34.9721__58.0208, 35.9728__58.0164, 36.9759__58.0161, 37.9769__58.0189, 38.9757__58.0207, 39.9749__58.0218, 40.9744__58.0227, 41.9751__58.0235, 42.9836__58.0228, 43.9833__58.0189, 44.9857__58.0151, 45.9899__58.0154, 46.9897__58.0160, 47.9910__58.0154, 48.9916__58.0162, 49.9921__58.0153, 50.9959__58.0163, 51.9957__58.0197, 52.9978__58.0216, 54.0012__58.0215, 55.0012__58.0212, 56.0028__58.0217, 57.0055__58.0214, 58.0054__58.0209, 59.0049__58.0208, 60.0044__58.0205, 61.0035__58.0201, 62.0023__58.0197, 63.0011__58.0193, 64.0000__58.0191, 
0.0000__57.0765, 0.9852__57.0761, 1.9720__57.0745, 2.9631__57.0723, 3.9588__57.0709, 4.9552__57.0690, 5.9524__57.0669, 6.9483__57.0656, 7.9442__57.0636, 8.9425__57.0613, 9.9340__57.0594, 10.9295__57.0574, 11.9282__57.0556, 12.9309__57.0543, 13.9338__57.0529, 14.9367__57.0514, 15.9393__57.0499, 16.9413__57.0483, 17.9430__57.0468, 18.9446__57.0451, 19.9456__57.0429, 20.9476__57.0408, 21.9477__57.0389, 22.9501__57.0369, 23.9505__57.0354, 24.9515__57.0332, 25.9540__57.0313, 26.9550__57.0294, 27.9584__57.0267, 28.9596__57.0262, 29.9625__57.0291, 30.9685__57.0313, 31.9702__57.0306, 32.9751__57.0284, 33.9739__57.0246, 34.9754__57.0228, 35.9745__57.0219, 36.9742__57.0220, 37.9749__57.0231, 38.9742__57.0247, 39.9736__57.0263, 40.9735__57.0277, 41.9744__57.0288, 42.9866__57.0274, 43.9875__57.0237, 44.9877__57.0212, 45.9889__57.0200, 46.9908__57.0193, 47.9905__57.0191, 48.9912__57.0193, 49.9926__57.0200, 50.9932__57.0210, 51.9948__57.0210, 52.9956__57.0219, 54.0003__57.0252, 55.0020__57.0257, 56.0023__57.0251, 57.0061__57.0256, 58.0054__57.0256, 59.0051__57.0257, 60.0051__57.0251, 61.0040__57.0242, 62.0028__57.0236, 63.0014__57.0232, 64.0000__57.0231, 
0.0000__56.0908, 0.9865__56.0900, 1.9743__56.0880, 2.9654__56.0853, 3.9612__56.0820, 4.9572__56.0792, 5.9536__56.0779, 6.9497__56.0767, 7.9461__56.0752, 8.9443__56.0740, 9.9364__56.0718, 10.9319__56.0688, 11.9302__56.0659, 12.9325__56.0636, 13.9356__56.0615, 14.9385__56.0595, 15.9410__56.0576, 16.9431__56.0556, 17.9448__56.0536, 18.9463__56.0518, 19.9484__56.0498, 20.9494__56.0472, 21.9502__56.0449, 22.9515__56.0429, 23.9522__56.0415, 24.9537__56.0399, 25.9558__56.0376, 26.9581__56.0347, 27.9604__56.0320, 28.9600__56.0298, 29.9605__56.0277, 30.9692__56.0268, 31.9711__56.0259, 32.9761__56.0267, 33.9765__56.0274, 34.9756__56.0262, 35.9747__56.0266, 36.9738__56.0266, 37.9737__56.0272, 38.9726__56.0285, 39.9712__56.0306, 40.9717__56.0335, 41.9735__56.0355, 42.9912__56.0332, 43.9908__56.0285, 44.9899__56.0254, 45.9901__56.0235, 46.9906__56.0235, 47.9904__56.0239, 48.9905__56.0245, 49.9919__56.0251, 50.9934__56.0245, 51.9950__56.0244, 52.9949__56.0239, 53.9976__56.0236, 55.0016__56.0263, 56.0012__56.0283, 57.0055__56.0294, 58.0053__56.0302, 59.0051__56.0300, 60.0062__56.0292, 61.0048__56.0282, 62.0034__56.0274, 63.0017__56.0269, 64.0000__56.0267, 
0.0000__55.1003, 0.9872__55.1005, 1.9761__55.1000, 2.9683__55.0977, 3.9645__55.0946, 4.9593__55.0916, 5.9551__55.0892, 6.9515__55.0871, 7.9475__55.0850, 8.9454__55.0840, 9.9391__55.0825, 10.9352__55.0792, 11.9329__55.0758, 12.9349__55.0727, 13.9378__55.0701, 14.9406__55.0678, 15.9432__55.0654, 16.9453__55.0630, 17.9471__55.0605, 18.9485__55.0578, 19.9508__55.0554, 20.9516__55.0535, 21.9524__55.0512, 22.9532__55.0492, 23.9540__55.0471, 24.9551__55.0455, 25.9578__55.0446, 26.9616__55.0421, 27.9635__55.0381, 28.9634__55.0343, 29.9639__55.0298, 30.9692__55.0272, 31.9711__55.0283, 32.9748__55.0281, 33.9767__55.0282, 34.9747__55.0299, 35.9744__55.0307, 36.9740__55.0308, 37.9729__55.0309, 38.9713__55.0318, 39.9692__55.0326, 40.9682__55.0353, 41.9744__55.0362, 42.9950__55.0335, 43.9942__55.0314, 44.9921__55.0289, 45.9908__55.0281, 46.9902__55.0279, 47.9899__55.0285, 48.9900__55.0290, 49.9914__55.0294, 50.9942__55.0297, 51.9943__55.0297, 52.9964__55.0296, 53.9971__55.0290, 54.9979__55.0307, 56.0007__55.0323, 57.0040__55.0327, 58.0040__55.0353, 59.0074__55.0344, 60.0071__55.0320, 61.0058__55.0315, 62.0040__55.0307, 63.0021__55.0303, 64.0000__55.0300, 
0.0000__54.1123, 0.9864__54.1128, 1.9772__54.1127, 2.9710__54.1106, 3.9675__54.1078, 4.9625__54.1045, 5.9578__54.1010, 6.9540__54.0980, 7.9493__54.0955, 8.9461__54.0941, 9.9417__54.0926, 10.9387__54.0897, 11.9366__54.0857, 12.9378__54.0819, 13.9404__54.0789, 14.9433__54.0760, 15.9458__54.0731, 16.9479__54.0703, 17.9497__54.0676, 18.9513__54.0648, 19.9528__54.0622, 20.9539__54.0598, 21.9547__54.0574, 22.9552__54.0552, 23.9565__54.0529, 24.9560__54.0508, 25.9611__54.0474, 26.9648__54.0430, 27.9664__54.0415, 28.9667__54.0395, 29.9680__54.0365, 30.9694__54.0347, 31.9715__54.0331, 32.9754__54.0321, 33.9753__54.0328, 34.9743__54.0328, 35.9740__54.0325, 36.9737__54.0331, 37.9722__54.0341, 38.9704__54.0350, 39.9687__54.0356, 40.9651__54.0363, 41.9770__54.0358, 42.9957__54.0345, 43.9975__54.0330, 44.9932__54.0312, 45.9908__54.0311, 46.9899__54.0318, 47.9890__54.0326, 48.9897__54.0335, 49.9907__54.0342, 50.9941__54.0347, 51.9944__54.0345, 52.9964__54.0344, 53.9973__54.0348, 54.9972__54.0334, 56.0007__54.0323, 57.0031__54.0328, 58.0024__54.0327, 59.0091__54.0334, 60.0072__54.0343, 61.0067__54.0338, 62.0042__54.0335, 63.0025__54.0332, 64.0000__54.0330, 
0.0000__53.1276, 0.9862__53.1272, 1.9787__53.1257, 2.9741__53.1226, 3.9705__53.1191, 4.9661__53.1158, 5.9612__53.1123, 6.9567__53.1094, 7.9515__53.1070, 8.9475__53.1047, 9.9438__53.1027, 10.9423__53.0999, 11.9409__53.0956, 12.9413__53.0913, 13.9436__53.0875, 14.9464__53.0839, 15.9488__53.0807, 16.9508__53.0776, 17.9526__53.0746, 18.9541__53.0717, 19.9554__53.0689, 20.9565__53.0662, 21.9573__53.0634, 22.9576__53.0605, 23.9589__53.0578, 24.9593__53.0540, 25.9652__53.0501, 26.9666__53.0489, 27.9673__53.0477, 28.9697__53.0456, 29.9703__53.0425, 30.9709__53.0404, 31.9732__53.0390, 32.9756__53.0381, 33.9754__53.0372, 34.9748__53.0368, 35.9740__53.0366, 36.9729__53.0368, 37.9714__53.0373, 38.9697__53.0379, 39.9682__53.0386, 40.9662__53.0369, 41.9824__53.0297, 42.9957__53.0252, 43.9967__53.0290, 44.9925__53.0328, 45.9899__53.0345, 46.9887__53.0359, 47.9877__53.0376, 48.9884__53.0391, 49.9895__53.0408, 50.9943__53.0414, 51.9951__53.0405, 52.9952__53.0413, 53.9985__53.0413, 55.0007__53.0376, 56.0009__53.0348, 57.0029__53.0347, 58.0025__53.0350, 59.0074__53.0359, 60.0078__53.0361, 61.0065__53.0362, 62.0048__53.0360, 63.0027__53.0354, 64.0000__53.0357, 
0.0000__52.1414, 0.9872__52.1407, 1.9810__52.1384, 2.9777__52.1350, 3.9742__52.1309, 4.9699__52.1266, 5.9645__52.1228, 6.9588__52.1201, 7.9542__52.1178, 8.9499__52.1148, 9.9461__52.1121, 10.9459__52.1090, 11.9456__52.1049, 12.9457__52.1001, 13.9476__52.0955, 14.9498__52.0917, 15.9521__52.0883, 16.9540__52.0849, 17.9556__52.0816, 18.9570__52.0785, 19.9582__52.0755, 20.9595__52.0726, 21.9603__52.0695, 22.9609__52.0662, 23.9618__52.0627, 24.9635__52.0596, 25.9667__52.0575, 26.9685__52.0552, 27.9694__52.0521, 28.9723__52.0495, 29.9727__52.0478, 30.9731__52.0453, 31.9745__52.0429, 32.9764__52.0418, 33.9759__52.0416, 34.9752__52.0409, 35.9742__52.0404, 36.9727__52.0401, 37.9709__52.0403, 38.9681__52.0418, 39.9689__52.0425, 40.9760__52.0333, 41.9886__52.0237, 42.9928__52.0261, 43.9913__52.0311, 44.9899__52.0347, 45.9878__52.0371, 46.9868__52.0396, 47.9862__52.0411, 48.9876__52.0417, 49.9886__52.0417, 50.9945__52.0417, 51.9945__52.0434, 52.9938__52.0447, 54.0005__52.0442, 55.0056__52.0405, 56.0029__52.0361, 57.0027__52.0349, 58.0032__52.0338, 59.0057__52.0337, 60.0065__52.0371, 61.0063__52.0387, 62.0060__52.0378, 63.0019__52.0380, 64.0000__52.0387, 
0.0000__51.1559, 0.9888__51.1546, 1.9845__51.1512, 2.9822__51.1462, 3.9788__51.1413, 4.9740__51.1373, 5.9680__51.1337, 6.9613__51.1301, 7.9571__51.1269, 8.9529__51.1237, 9.9497__51.1196, 10.9494__51.1154, 11.9499__51.1116, 12.9505__51.1072, 13.9518__51.1028, 14.9533__51.0988, 15.9555__51.0955, 16.9576__51.0920, 17.9589__51.0884, 18.9601__51.0851, 19.9612__51.0819, 20.9625__51.0789, 21.9635__51.0757, 22.9643__51.0723, 23.9650__51.0691, 24.9663__51.0659, 25.9688__51.0632, 26.9713__51.0608, 27.9728__51.0578, 28.9740__51.0552, 29.9750__51.0530, 30.9756__51.0507, 31.9766__51.0485, 32.9769__51.0470, 33.9768__51.0459, 34.9760__51.0448, 35.9749__51.0438, 36.9730__51.0429, 37.9707__51.0427, 38.9681__51.0416, 39.9756__51.0341, 40.9854__51.0270, 41.9878__51.0280, 42.9885__51.0310, 43.9878__51.0339, 44.9871__51.0366, 45.9858__51.0388, 46.9845__51.0406, 47.9857__51.0419, 48.9863__51.0432, 49.9891__51.0442, 50.9923__51.0457, 51.9921__51.0489, 52.9948__51.0487, 54.0039__51.0442, 55.0102__51.0398, 56.0054__51.0375, 57.0028__51.0366, 58.0050__51.0358, 59.0046__51.0352, 60.0040__51.0352, 61.0060__51.0361, 62.0057__51.0378, 63.0022__51.0375, 64.0000__51.0364, 
0.0000__50.1632, 0.9918__50.1610, 1.9885__50.1572, 2.9869__50.1540, 3.9832__50.1505, 4.9776__50.1469, 5.9715__50.1436, 6.9654__50.1394, 7.9604__50.1351, 8.9567__50.1312, 9.9542__50.1269, 10.9534__50.1224, 11.9540__50.1180, 12.9549__50.1137, 13.9560__50.1095, 14.9571__50.1054, 15.9587__50.1016, 16.9612__50.0984, 17.9623__50.0951, 18.9634__50.0916, 19.9644__50.0884, 20.9652__50.0855, 21.9673__50.0822, 22.9678__50.0783, 23.9683__50.0749, 24.9692__50.0717, 25.9704__50.0696, 26.9750__50.0671, 27.9756__50.0636, 28.9764__50.0611, 29.9773__50.0586, 30.9780__50.0562, 31.9785__50.0540, 32.9785__50.0521, 33.9782__50.0502, 34.9774__50.0485, 35.9762__50.0469, 36.9740__50.0454, 37.9708__50.0445, 38.9717__50.0428, 39.9847__50.0379, 40.9857__50.0344, 41.9859__50.0344, 42.9858__50.0361, 43.9858__50.0380, 44.9847__50.0398, 45.9839__50.0421, 46.9830__50.0437, 47.9844__50.0451, 48.9847__50.0466, 49.9881__50.0481, 50.9896__50.0500, 51.9911__50.0502, 52.9998__50.0455, 54.0098__50.0385, 55.0110__50.0370, 56.0064__50.0381, 57.0042__50.0366, 58.0059__50.0346, 59.0040__50.0350, 60.0054__50.0343, 61.0048__50.0333, 62.0034__50.0353, 63.0025__50.0376, 64.0000__50.0384, 
0.0000__49.1606, 0.9943__49.1602, 1.9906__49.1593, 2.9887__49.1588, 3.9858__49.1585, 4.9811__49.1564, 5.9758__49.1521, 6.9702__49.1472, 7.9644__49.1426, 8.9607__49.1384, 9.9588__49.1339, 10.9583__49.1287, 11.9582__49.1239, 12.9590__49.1200, 13.9600__49.1160, 14.9612__49.1120, 15.9623__49.1080, 16.9640__49.1048, 17.9660__49.1018, 18.9668__49.0981, 19.9677__49.0947, 20.9686__49.0909, 21.9708__49.0873, 22.9712__49.0842, 23.9717__49.0808, 24.9722__49.0775, 25.9737__49.0736, 26.9771__49.0708, 27.9782__49.0695, 28.9790__49.0668, 29.9798__49.0642, 30.9804__49.0616, 31.9807__49.0591, 32.9806__49.0568, 33.9801__49.0546, 34.9792__49.0526, 35.9784__49.0503, 36.9760__49.0476, 37.9721__49.0448, 38.9743__49.0423, 39.9887__49.0401, 40.9868__49.0385, 41.9853__49.0386, 42.9843__49.0394, 43.9839__49.0411, 44.9827__49.0434, 45.9811__49.0460, 46.9819__49.0485, 47.9821__49.0505, 48.9829__49.0534, 49.9858__49.0561, 50.9901__49.0559, 51.9977__49.0479, 53.0081__49.0367, 54.0121__49.0336, 55.0091__49.0354, 56.0059__49.0365, 57.0054__49.0371, 58.0080__49.0357, 59.0050__49.0323, 60.0062__49.0312, 61.0025__49.0342, 62.0036__49.0341, 63.0011__49.0324, 64.0000__49.0329, 
0.0000__48.1598, 0.9941__48.1606, 1.9908__48.1615, 2.9888__48.1613, 3.9863__48.1611, 4.9838__48.1605, 5.9803__48.1581, 6.9744__48.1546, 7.9689__48.1505, 8.9653__48.1453, 9.9639__48.1399, 10.9632__48.1349, 11.9623__48.1304, 12.9629__48.1262, 13.9639__48.1224, 14.9651__48.1185, 15.9662__48.1147, 16.9672__48.1107, 17.9694__48.1073, 18.9703__48.1042, 19.9713__48.1005, 20.9726__48.0966, 21.9738__48.0933, 22.9745__48.0902, 23.9751__48.0868, 24.9757__48.0831, 25.9772__48.0798, 26.9781__48.0778, 27.9810__48.0756, 28.9818__48.0726, 29.9826__48.0698, 30.9831__48.0668, 31.9833__48.0640, 32.9830__48.0613, 33.9823__48.0589, 34.9817__48.0561, 35.9812__48.0531, 36.9793__48.0501, 37.9768__48.0451, 38.9780__48.0382, 39.9877__48.0376, 40.9862__48.0416, 41.9846__48.0425, 42.9834__48.0432, 43.9819__48.0443, 44.9804__48.0462, 45.9787__48.0481, 46.9792__48.0506, 47.9792__48.0541, 48.9786__48.0585, 49.9855__48.0608, 50.9982__48.0524, 52.0099__48.0396, 53.0133__48.0344, 54.0108__48.0343, 55.0084__48.0346, 56.0066__48.0333, 57.0063__48.0306, 58.0088__48.0303, 59.0070__48.0313, 60.0044__48.0325, 61.0014__48.0323, 62.0049__48.0323, 63.0015__48.0329, 64.0000__48.0322, 
0.0000__47.1571, 0.9893__47.1614, 1.9918__47.1641, 2.9891__47.1623, 3.9861__47.1629, 4.9844__47.1632, 5.9824__47.1632, 6.9778__47.1615, 7.9736__47.1577, 8.9708__47.1528, 9.9691__47.1475, 10.9678__47.1426, 11.9676__47.1371, 12.9664__47.1322, 13.9676__47.1288, 14.9689__47.1250, 15.9700__47.1212, 16.9710__47.1175, 17.9725__47.1141, 18.9736__47.1107, 19.9754__47.1071, 20.9762__47.1032, 21.9769__47.0998, 22.9780__47.0963, 23.9786__47.0927, 24.9792__47.0893, 25.9800__47.0861, 26.9806__47.0829, 27.9836__47.0800, 28.9841__47.0779, 29.9858__47.0752, 30.9861__47.0720, 31.9862__47.0689, 32.9858__47.0658, 33.9852__47.0626, 34.9848__47.0595, 35.9839__47.0567, 36.9829__47.0535, 37.9823__47.0498, 38.9828__47.0462, 39.9845__47.0448, 40.9848__47.0454, 41.9840__47.0461, 42.9826__47.0467, 43.9808__47.0474, 44.9784__47.0486, 45.9767__47.0508, 46.9756__47.0539, 47.9754__47.0578, 48.9744__47.0612, 49.9909__47.0573, 51.0114__47.0467, 52.0163__47.0402, 53.0142__47.0385, 54.0118__47.0369, 55.0094__47.0347, 56.0087__47.0331, 57.0083__47.0320, 58.0075__47.0316, 59.0059__47.0326, 60.0032__47.0335, 61.0023__47.0342, 62.0031__47.0352, 63.0021__47.0357, 64.0000__47.0356, 
0.0000__46.1695, 0.9866__46.1660, 1.9919__46.1647, 2.9888__46.1674, 3.9861__46.1669, 4.9846__46.1661, 5.9827__46.1657, 6.9803__46.1648, 7.9773__46.1624, 8.9755__46.1589, 9.9740__46.1547, 10.9727__46.1499, 11.9728__46.1455, 12.9706__46.1409, 13.9717__46.1357, 14.9729__46.1314, 15.9738__46.1274, 16.9746__46.1235, 17.9763__46.1195, 18.9771__46.1157, 19.9790__46.1124, 20.9794__46.1095, 21.9805__46.1062, 22.9819__46.1022, 23.9821__46.0985, 24.9825__46.0951, 25.9831__46.0920, 26.9839__46.0890, 27.9862__46.0860, 28.9869__46.0828, 29.9884__46.0800, 30.9896__46.0772, 31.9894__46.0738, 32.9892__46.0703, 33.9885__46.0669, 34.9878__46.0637, 35.9869__46.0606, 36.9861__46.0575, 37.9855__46.0545, 38.9852__46.0518, 39.9854__46.0501, 40.9847__46.0493, 41.9835__46.0492, 42.9821__46.0495, 43.9799__46.0501, 44.9771__46.0510, 45.9737__46.0528, 46.9710__46.0573, 47.9714__46.0622, 48.9775__46.0593, 49.9992__46.0520, 51.0194__46.0466, 52.0186__46.0428, 53.0161__46.0402, 54.0132__46.0388, 55.0122__46.0369, 56.0094__46.0351, 57.0089__46.0349, 58.0074__46.0350, 59.0050__46.0353, 60.0029__46.0356, 61.0018__46.0352, 62.0013__46.0364, 63.0026__46.0374, 64.0000__46.0366, 
0.0000__45.1767, 0.9924__45.1741, 1.9902__45.1709, 2.9886__45.1703, 3.9870__45.1700, 4.9853__45.1692, 5.9834__45.1684, 6.9817__45.1673, 7.9801__45.1652, 8.9788__45.1625, 9.9780__45.1594, 10.9771__45.1558, 11.9769__45.1517, 12.9760__45.1469, 13.9763__45.1420, 14.9770__45.1377, 15.9778__45.1336, 16.9787__45.1295, 17.9802__45.1254, 18.9807__45.1216, 19.9819__45.1182, 20.9822__45.1152, 21.9847__45.1114, 22.9856__45.1074, 23.9856__45.1040, 24.9857__45.1006, 25.9860__45.0975, 26.9864__45.0952, 27.9896__45.0924, 28.9907__45.0884, 29.9913__45.0842, 30.9926__45.0809, 31.9925__45.0781, 32.9931__45.0746, 33.9919__45.0708, 34.9909__45.0676, 35.9900__45.0645, 36.9890__45.0615, 37.9879__45.0590, 38.9877__45.0565, 39.9866__45.0546, 40.9858__45.0531, 41.9838__45.0519, 42.9819__45.0515, 43.9792__45.0520, 44.9762__45.0525, 45.9714__45.0534, 46.9648__45.0573, 47.9722__45.0586, 48.9858__45.0515, 50.0035__45.0450, 51.0207__45.0461, 52.0232__45.0445, 53.0188__45.0398, 54.0149__45.0371, 55.0137__45.0359, 56.0096__45.0361, 57.0085__45.0363, 58.0070__45.0370, 59.0048__45.0373, 60.0031__45.0369, 61.0023__45.0366, 61.9995__45.0368, 63.0033__45.0369, 64.0000__45.0369, 
0.0000__44.1753, 0.9949__44.1747, 1.9913__44.1738, 2.9889__44.1733, 3.9875__44.1729, 4.9859__44.1726, 5.9842__44.1721, 6.9835__44.1708, 7.9823__44.1688, 8.9816__44.1664, 9.9811__44.1636, 10.9808__44.1603, 11.9808__44.1569, 12.9807__44.1532, 13.9807__44.1491, 14.9812__44.1449, 15.9820__44.1406, 16.9830__44.1363, 17.9840__44.1322, 18.9846__44.1282, 19.9854__44.1242, 20.9857__44.1202, 21.9889__44.1163, 22.9891__44.1128, 23.9890__44.1093, 24.9891__44.1058, 25.9889__44.1025, 26.9881__44.1001, 27.9928__44.0979, 28.9950__44.0944, 29.9965__44.0892, 30.9961__44.0842, 31.9959__44.0803, 32.9962__44.0773, 33.9951__44.0747, 34.9940__44.0716, 35.9931__44.0685, 36.9919__44.0655, 37.9907__44.0624, 38.9898__44.0600, 39.9886__44.0578, 40.9874__44.0558, 41.9849__44.0542, 42.9821__44.0532, 43.9783__44.0535, 44.9769__44.0531, 45.9703__44.0521, 46.9624__44.0516, 47.9778__44.0472, 48.9941__44.0397, 50.0078__44.0320, 51.0153__44.0327, 52.0267__44.0374, 53.0208__44.0372, 54.0166__44.0366, 55.0130__44.0371, 56.0098__44.0373, 57.0078__44.0375, 58.0061__44.0387, 59.0051__44.0391, 60.0032__44.0390, 61.0021__44.0395, 62.0008__44.0380, 63.0027__44.0374, 64.0000__44.0383, 
0.0000__43.1744, 0.9948__43.1750, 1.9913__43.1761, 2.9893__43.1762, 3.9877__43.1759, 4.9861__43.1758, 5.9851__43.1754, 6.9849__43.1746, 7.9843__43.1732, 8.9842__43.1710, 9.9841__43.1682, 10.9841__43.1651, 11.9842__43.1618, 12.9844__43.1583, 13.9848__43.1544, 14.9853__43.1504, 15.9862__43.1465, 16.9871__43.1425, 17.9880__43.1384, 18.9887__43.1343, 19.9895__43.1301, 20.9902__43.1254, 21.9923__43.1214, 22.9925__43.1182, 23.9927__43.1145, 24.9927__43.1106, 25.9922__43.1068, 26.9906__43.1031, 27.9966__43.0990, 28.9988__43.0950, 30.0013__43.0917, 30.9999__43.0884, 31.9995__43.0851, 32.9989__43.0818, 33.9981__43.0788, 34.9972__43.0757, 35.9962__43.0725, 36.9950__43.0694, 37.9936__43.0664, 38.9923__43.0635, 39.9907__43.0611, 40.9895__43.0588, 41.9867__43.0563, 42.9831__43.0543, 43.9777__43.0535, 44.9800__43.0516, 45.9711__43.0486, 46.9669__43.0444, 47.9850__43.0365, 49.0018__43.0288, 50.0138__43.0228, 51.0106__43.0212, 52.0194__43.0298, 53.0209__43.0370, 54.0159__43.0377, 55.0122__43.0385, 56.0094__43.0395, 57.0069__43.0407, 58.0050__43.0416, 59.0053__43.0420, 60.0033__43.0416, 61.0026__43.0406, 62.0022__43.0401, 63.0014__43.0408, 64.0000__43.0415, 
0.0000__42.1743, 0.9925__42.1758, 1.9889__42.1791, 2.9908__42.1802, 3.9878__42.1796, 4.9862__42.1796, 5.9850__42.1799, 6.9858__42.1799, 7.9861__42.1785, 8.9868__42.1762, 9.9871__42.1734, 10.9872__42.1703, 11.9876__42.1670, 12.9881__42.1635, 13.9886__42.1599, 14.9892__42.1560, 15.9899__42.1523, 16.9912__42.1483, 17.9921__42.1442, 18.9929__42.1401, 19.9939__42.1358, 20.9948__42.1315, 21.9957__42.1275, 22.9963__42.1236, 23.9966__42.1196, 24.9967__42.1155, 25.9965__42.1110, 26.9957__42.1051, 28.0003__42.1003, 29.0024__42.0970, 30.0037__42.0942, 31.0028__42.0921, 32.0027__42.0892, 33.0020__42.0861, 34.0012__42.0830, 35.0006__42.0797, 35.9994__42.0764, 36.9981__42.0732, 37.9965__42.0700, 38.9953__42.0669, 39.9934__42.0637, 40.9920__42.0608, 41.9893__42.0583, 42.9858__42.0550, 43.9806__42.0497, 44.9829__42.0458, 45.9744__42.0428, 46.9743__42.0361, 47.9949__42.0262, 49.0074__42.0181, 50.0132__42.0201, 51.0095__42.0236, 52.0097__42.0255, 53.0156__42.0331, 54.0142__42.0394, 55.0118__42.0405, 56.0077__42.0417, 57.0059__42.0432, 58.0045__42.0438, 59.0051__42.0442, 60.0043__42.0441, 61.0028__42.0441, 62.0019__42.0446, 63.0008__42.0447, 64.0000__42.0446, 
0.0000__41.1743, 0.9904__41.1752, 1.9864__41.1769, 2.9876__41.1812, 3.9871__41.1856, 4.9862__41.1863, 5.9842__41.1864, 6.9868__41.1859, 7.9885__41.1839, 8.9893__41.1815, 9.9901__41.1788, 10.9905__41.1757, 11.9910__41.1724, 12.9916__41.1690, 13.9923__41.1655, 14.9930__41.1618, 15.9938__41.1578, 16.9953__41.1537, 17.9962__41.1498, 18.9971__41.1458, 19.9981__41.1416, 20.9990__41.1374, 21.9997__41.1332, 23.0003__41.1291, 24.0007__41.1249, 25.0011__41.1205, 26.0012__41.1160, 27.0020__41.1105, 28.0036__41.1056, 29.0058__41.1024, 30.0061__41.0994, 31.0059__41.0963, 32.0057__41.0930, 33.0052__41.0899, 34.0045__41.0865, 35.0038__41.0833, 36.0026__41.0802, 37.0013__41.0769, 37.9998__41.0736, 38.9984__41.0702, 39.9967__41.0671, 40.9948__41.0638, 41.9925__41.0605, 42.9899__41.0567, 43.9870__41.0518, 44.9854__41.0472, 45.9818__41.0405, 46.9820__41.0308, 48.0026__41.0250, 49.0086__41.0243, 50.0084__41.0263, 51.0091__41.0277, 52.0080__41.0277, 53.0084__41.0294, 54.0101__41.0342, 55.0098__41.0391, 56.0060__41.0413, 57.0043__41.0431, 58.0042__41.0445, 59.0044__41.0450, 60.0039__41.0464, 61.0022__41.0473, 62.0016__41.0476, 63.0006__41.0483, 64.0000__41.0487, 
0.0000__40.1749, 0.9853__40.1783, 1.9823__40.1842, 2.9832__40.1878, 3.9850__40.1901, 4.9859__40.1914, 5.9854__40.1902, 6.9880__40.1882, 7.9903__40.1872, 8.9915__40.1857, 9.9928__40.1836, 10.9933__40.1812, 11.9943__40.1783, 12.9950__40.1750, 13.9961__40.1712, 14.9966__40.1676, 15.9980__40.1640, 16.9992__40.1599, 18.0002__40.1557, 19.0013__40.1515, 20.0023__40.1473, 21.0032__40.1431, 22.0040__40.1388, 23.0046__40.1345, 24.0051__40.1301, 25.0057__40.1255, 26.0060__40.1208, 27.0072__40.1161, 28.0078__40.1115, 29.0089__40.1076, 30.0093__40.1044, 31.0092__40.1011, 32.0090__40.0977, 33.0085__40.0943, 34.0078__40.0909, 35.0070__40.0875, 36.0060__40.0841, 37.0047__40.0806, 38.0033__40.0772, 39.0017__40.0737, 40.0000__40.0702, 40.9982__40.0667, 41.9963__40.0630, 42.9941__40.0590, 43.9917__40.0546, 44.9893__40.0510, 45.9915__40.0450, 46.9912__40.0347, 48.0041__40.0292, 49.0074__40.0297, 50.0074__40.0300, 51.0082__40.0308, 52.0074__40.0322, 53.0059__40.0339, 54.0046__40.0378, 55.0068__40.0413, 56.0051__40.0422, 57.0019__40.0431, 58.0031__40.0451, 59.0033__40.0470, 60.0028__40.0480, 61.0013__40.0492, 62.0004__40.0512, 63.0000__40.0524, 64.0000__40.0527, 
0.0000__39.1916, 0.9813__39.1917, 1.9780__39.1930, 2.9803__39.1955, 3.9836__39.1973, 4.9863__39.1972, 5.9867__39.1964, 6.9893__39.1955, 7.9914__39.1941, 8.9933__39.1925, 9.9952__39.1904, 10.9963__39.1876, 11.9973__39.1844, 12.9985__39.1811, 13.9996__39.1778, 15.0001__39.1743, 16.0021__39.1703, 17.0034__39.1660, 18.0045__39.1617, 19.0055__39.1574, 20.0066__39.1531, 21.0075__39.1487, 22.0083__39.1444, 23.0090__39.1400, 24.0097__39.1355, 25.0102__39.1310, 26.0105__39.1267, 27.0118__39.1222, 28.0122__39.1176, 29.0126__39.1135, 30.0126__39.1098, 31.0129__39.1062, 32.0125__39.1025, 33.0120__39.0989, 34.0113__39.0953, 35.0105__39.0917, 36.0095__39.0880, 37.0082__39.0844, 38.0068__39.0808, 39.0053__39.0771, 40.0036__39.0734, 41.0019__39.0697, 42.0002__39.0659, 42.9982__39.0619, 43.9968__39.0570, 44.9935__39.0510, 45.9989__39.0455, 46.9993__39.0396, 48.0045__39.0367, 49.0079__39.0361, 50.0080__39.0346, 51.0071__39.0343, 52.0059__39.0352, 53.0037__39.0367, 54.0003__39.0390, 55.0040__39.0435, 56.0074__39.0431, 57.0024__39.0388, 58.0008__39.0385, 58.9993__39.0429, 60.0005__39.0487, 60.9985__39.0530, 61.9989__39.0552, 62.9989__39.0567, 64.0000__39.0578, 
0.0000__38.2062, 0.9797__38.2064, 1.9767__38.2064, 2.9791__38.2056, 3.9831__38.2052, 4.9862__38.2058, 5.9875__38.2055, 6.9907__38.2039, 7.9939__38.2014, 8.9955__38.1983, 9.9970__38.1963, 10.9995__38.1942, 12.0009__38.1908, 13.0019__38.1872, 14.0030__38.1837, 15.0037__38.1801, 16.0065__38.1762, 17.0076__38.1721, 18.0089__38.1678, 19.0099__38.1633, 20.0110__38.1589, 21.0119__38.1544, 22.0127__38.1500, 23.0135__38.1455, 24.0142__38.1410, 25.0147__38.1364, 26.0150__38.1315, 27.0163__38.1271, 28.0165__38.1231, 29.0166__38.1189, 30.0164__38.1147, 31.0166__38.1108, 32.0162__38.1072, 33.0157__38.1034, 34.0150__38.0996, 35.0143__38.0957, 36.0132__38.0919, 37.0119__38.0881, 38.0105__38.0843, 39.0091__38.0805, 40.0074__38.0766, 41.0057__38.0727, 42.0038__38.0693, 43.0032__38.0648, 44.0024__38.0591, 45.0005__38.0522, 46.0031__38.0463, 47.0039__38.0428, 48.0047__38.0406, 49.0098__38.0398, 50.0088__38.0388, 51.0075__38.0381, 52.0054__38.0374, 53.0031__38.0369, 53.9990__38.0361, 55.0012__38.0354, 56.0091__38.0372, 57.0033__38.0398, 57.9995__38.0409, 58.9953__38.0411, 59.9946__38.0442, 60.9933__38.0511, 61.9983__38.0544, 62.9957__38.0566, 64.0000__38.0592, 
0.0000__37.2193, 0.9800__37.2171, 1.9758__37.2151, 2.9796__37.2153, 3.9832__37.2148, 4.9865__37.2140, 5.9892__37.2124, 6.9928__37.2101, 7.9966__37.2080, 8.9988__37.2051, 9.9994__37.2013, 11.0020__37.1984, 12.0040__37.1963, 13.0053__37.1934, 14.0069__37.1897, 15.0076__37.1854, 16.0096__37.1820, 17.0123__37.1783, 18.0133__37.1737, 19.0144__37.1693, 20.0155__37.1647, 21.0164__37.1601, 22.0172__37.1555, 23.0180__37.1510, 24.0188__37.1464, 25.0194__37.1418, 26.0198__37.1372, 27.0203__37.1329, 28.0207__37.1286, 29.0208__37.1242, 30.0207__37.1199, 31.0204__37.1158, 32.0200__37.1118, 33.0196__37.1078, 34.0190__37.1037, 35.0182__37.0997, 36.0171__37.0958, 37.0158__37.0917, 38.0144__37.0877, 39.0126__37.0841, 40.0118__37.0800, 41.0096__37.0755, 42.0069__37.0718, 43.0084__37.0679, 44.0083__37.0626, 45.0074__37.0569, 46.0071__37.0520, 47.0071__37.0483, 48.0068__37.0447, 49.0105__37.0427, 50.0096__37.0423, 51.0078__37.0420, 52.0071__37.0408, 53.0042__37.0387, 54.0012__37.0363, 55.0022__37.0337, 56.0045__37.0356, 57.0000__37.0409, 57.9992__37.0428, 58.9953__37.0430, 59.9910__37.0438, 60.9889__37.0442, 61.9944__37.0497, 62.9928__37.0550, 64.0000__37.0548, 
0.0000__36.2334, 0.9835__36.2305, 1.9767__36.2254, 2.9791__36.2234, 3.9839__36.2234, 4.9877__36.2224, 5.9911__36.2209, 6.9952__36.2187, 7.9991__36.2160, 9.0027__36.2128, 10.0038__36.2083, 11.0038__36.2049, 12.0059__36.2032, 13.0091__36.2001, 14.0107__36.1962, 15.0119__36.1923, 16.0135__36.1875, 17.0163__36.1835, 18.0174__36.1798, 19.0190__36.1755, 20.0203__36.1706, 21.0210__36.1658, 22.0218__36.1612, 23.0226__36.1566, 24.0234__36.1520, 25.0240__36.1474, 26.0244__36.1428, 27.0247__36.1382, 28.0252__36.1338, 29.0252__36.1294, 30.0250__36.1250, 31.0246__36.1206, 32.0241__36.1164, 33.0237__36.1122, 34.0231__36.1080, 35.0222__36.1038, 36.0212__36.0997, 37.0200__36.0954, 38.0185__36.0912, 39.0168__36.0866, 40.0160__36.0823, 41.0140__36.0782, 42.0119__36.0726, 43.0125__36.0676, 44.0128__36.0642, 45.0119__36.0607, 46.0112__36.0569, 47.0106__36.0532, 48.0101__36.0500, 49.0119__36.0475, 50.0105__36.0457, 51.0088__36.0439, 52.0089__36.0424, 53.0061__36.0413, 54.0038__36.0392, 55.0032__36.0379, 56.0007__36.0389, 56.9972__36.0402, 57.9989__36.0410, 58.9940__36.0423, 59.9900__36.0442, 60.9864__36.0477, 61.9845__36.0545, 62.9914__36.0605, 64.0000__36.0619, 
0.0000__35.2464, 0.9869__35.2447, 1.9815__35.2398, 2.9799__35.2349, 3.9854__35.2324, 4.9881__35.2311, 5.9928__35.2301, 6.9977__35.2278, 8.0025__35.2245, 9.0050__35.2223, 10.0087__35.2196, 11.0071__35.2147, 12.0088__35.2101, 13.0124__35.2069, 14.0149__35.2032, 15.0161__35.1988, 16.0178__35.1948, 17.0204__35.1904, 18.0217__35.1858, 19.0239__35.1809, 20.0250__35.1761, 21.0257__35.1715, 22.0265__35.1668, 23.0272__35.1621, 24.0279__35.1575, 25.0286__35.1529, 26.0291__35.1482, 27.0293__35.1435, 28.0296__35.1389, 29.0296__35.1344, 30.0294__35.1299, 31.0290__35.1254, 32.0285__35.1209, 33.0280__35.1165, 34.0274__35.1121, 35.0265__35.1078, 36.0255__35.1035, 37.0243__35.0991, 38.0229__35.0946, 39.0215__35.0902, 40.0200__35.0858, 41.0186__35.0813, 42.0174__35.0766, 43.0166__35.0720, 44.0161__35.0682, 45.0153__35.0649, 46.0150__35.0613, 47.0142__35.0575, 48.0133__35.0536, 49.0139__35.0509, 50.0123__35.0492, 51.0111__35.0469, 52.0098__35.0452, 53.0074__35.0440, 54.0058__35.0425, 55.0033__35.0414, 56.0004__35.0408, 56.9973__35.0400, 57.9974__35.0406, 58.9925__35.0423, 59.9872__35.0442, 60.9811__35.0485, 61.9830__35.0475, 62.9870__35.0464, 64.0000__35.0502, 
0.0000__34.2595, 0.9895__34.2578, 1.9858__34.2547, 2.9822__34.2517, 3.9868__34.2498, 4.9903__34.2470, 5.9955__34.2424, 7.0006__34.2388, 8.0054__34.2363, 9.0082__34.2324, 10.0124__34.2284, 11.0126__34.2239, 12.0130__34.2184, 13.0162__34.2138, 14.0190__34.2098, 15.0203__34.2057, 16.0222__34.2009, 17.0248__34.1965, 18.0267__34.1918, 19.0287__34.1869, 20.0299__34.1821, 21.0304__34.1772, 22.0312__34.1724, 23.0319__34.1677, 24.0326__34.1629, 25.0332__34.1583, 26.0337__34.1536, 27.0341__34.1489, 28.0342__34.1442, 29.0342__34.1394, 30.0340__34.1348, 31.0335__34.1301, 32.0330__34.1254, 33.0325__34.1208, 34.0318__34.1163, 35.0309__34.1118, 36.0299__34.1072, 37.0287__34.1027, 38.0274__34.0982, 39.0259__34.0937, 40.0245__34.0893, 41.0232__34.0848, 42.0219__34.0802, 43.0207__34.0760, 44.0197__34.0721, 45.0188__34.0687, 46.0186__34.0653, 47.0180__34.0616, 48.0171__34.0578, 49.0160__34.0548, 50.0145__34.0523, 51.0133__34.0500, 52.0113__34.0481, 53.0087__34.0466, 54.0073__34.0452, 55.0043__34.0440, 56.0014__34.0428, 56.9978__34.0422, 57.9966__34.0418, 58.9913__34.0418, 59.9848__34.0433, 60.9798__34.0425, 61.9856__34.0431, 62.9838__34.0451, 64.0000__34.0439, 
0.0000__33.2753, 0.9906__33.2751, 1.9874__33.2741, 2.9863__33.2695, 3.9897__33.2629, 4.9951__33.2577, 5.9998__33.2529, 7.0044__33.2483, 8.0086__33.2439, 9.0132__33.2397, 10.0158__33.2359, 11.0190__33.2309, 12.0168__33.2259, 13.0204__33.2221, 14.0231__33.2179, 15.0249__33.2133, 16.0273__33.2082, 17.0292__33.2030, 18.0316__33.1984, 19.0336__33.1935, 20.0350__33.1884, 21.0356__33.1831, 22.0359__33.1780, 23.0367__33.1732, 24.0373__33.1684, 25.0379__33.1636, 26.0384__33.1589, 27.0388__33.1541, 28.0390__33.1493, 29.0390__33.1445, 30.0388__33.1397, 31.0383__33.1348, 32.0378__33.1299, 33.0371__33.1251, 34.0364__33.1204, 35.0355__33.1156, 36.0345__33.1110, 37.0333__33.1063, 38.0319__33.1017, 39.0303__33.0972, 40.0286__33.0930, 41.0281__33.0884, 42.0264__33.0836, 43.0248__33.0792, 44.0232__33.0753, 45.0207__33.0730, 46.0226__33.0701, 47.0225__33.0655, 48.0208__33.0612, 49.0187__33.0581, 50.0169__33.0556, 51.0156__33.0532, 52.0133__33.0508, 53.0105__33.0484, 54.0087__33.0466, 55.0055__33.0453, 56.0026__33.0438, 56.9980__33.0428, 57.9980__33.0416, 58.9915__33.0401, 59.9851__33.0378, 60.9797__33.0383, 61.9825__33.0409, 62.9891__33.0354, 64.0000__33.0300, 
0.0000__32.2916, 0.9918__32.2896, 1.9903__32.2848, 2.9929__32.2790, 3.9956__32.2727, 5.0001__32.2670, 6.0046__32.2621, 7.0089__32.2574, 8.0130__32.2529, 9.0172__32.2489, 10.0199__32.2449, 11.0235__32.2418, 12.0220__32.2367, 13.0250__32.2301, 14.0278__32.2251, 15.0299__32.2200, 16.0327__32.2145, 17.0338__32.2097, 18.0365__32.2048, 19.0391__32.1993, 20.0400__32.1941, 21.0408__32.1893, 22.0411__32.1840, 23.0415__32.1788, 24.0422__32.1740, 25.0428__32.1690, 26.0433__32.1641, 27.0436__32.1592, 28.0439__32.1543, 29.0438__32.1494, 30.0437__32.1445, 31.0433__32.1395, 32.0427__32.1345, 33.0420__32.1294, 34.0412__32.1244, 35.0403__32.1195, 36.0393__32.1147, 37.0380__32.1099, 38.0365__32.1052, 39.0350__32.1004, 40.0332__32.0954, 41.0326__32.0909, 42.0308__32.0868, 43.0291__32.0824, 44.0272__32.0781, 45.0248__32.0724, 46.0261__32.0678, 47.0257__32.0656, 48.0238__32.0634, 49.0215__32.0607, 50.0194__32.0578, 51.0178__32.0557, 52.0157__32.0535, 53.0130__32.0510, 54.0099__32.0491, 55.0073__32.0473, 56.0046__32.0450, 57.0001__32.0417, 57.9994__32.0395, 58.9937__32.0378, 59.9882__32.0347, 60.9791__32.0307, 61.9859__32.0252, 62.9974__32.0192, 64.0000__32.0159, 
0.0000__31.2990, 0.9956__31.2966, 1.9956__31.2914, 2.9982__31.2861, 4.0013__31.2812, 5.0052__31.2761, 6.0094__31.2711, 7.0135__31.2664, 8.0174__31.2618, 9.0211__31.2574, 10.0243__31.2530, 11.0271__31.2484, 12.0285__31.2431, 13.0306__31.2372, 14.0329__31.2315, 15.0355__31.2258, 16.0378__31.2204, 17.0389__31.2149, 18.0420__31.2091, 19.0441__31.2043, 20.0449__31.1998, 21.0457__31.1948, 22.0464__31.1898, 23.0466__31.1846, 24.0471__31.1795, 25.0479__31.1744, 26.0483__31.1693, 27.0486__31.1642, 28.0488__31.1593, 29.0486__31.1545, 30.0488__31.1494, 31.0485__31.1442, 32.0479__31.1388, 33.0471__31.1335, 34.0463__31.1284, 35.0453__31.1232, 36.0441__31.1182, 37.0428__31.1134, 38.0413__31.1085, 39.0397__31.1038, 40.0383__31.0990, 41.0367__31.0943, 42.0351__31.0899, 43.0335__31.0855, 44.0318__31.0811, 45.0304__31.0764, 46.0293__31.0723, 47.0281__31.0691, 48.0263__31.0663, 49.0245__31.0633, 50.0218__31.0605, 51.0198__31.0582, 52.0186__31.0555, 53.0154__31.0526, 54.0121__31.0498, 55.0096__31.0470, 56.0070__31.0448, 57.0028__31.0432, 58.0011__31.0412, 58.9972__31.0380, 59.9920__31.0340, 60.9867__31.0270, 61.9919__31.0191, 62.9997__31.0170, 64.0000__31.0179, 
0.0000__30.3023, 0.9989__30.3009, 1.9999__30.2978, 3.0028__30.2941, 4.0060__30.2898, 5.0102__30.2851, 6.0144__30.2799, 7.0183__30.2750, 8.0219__30.2706, 9.0257__30.2659, 10.0291__30.2609, 11.0322__30.2559, 12.0343__30.2503, 13.0366__30.2442, 14.0387__30.2381, 15.0412__30.2323, 16.0432__30.2268, 17.0449__30.2209, 18.0473__30.2154, 19.0487__30.2104, 20.0498__30.2054, 21.0507__30.2005, 22.0514__30.1954, 23.0519__30.1901, 24.0522__30.1848, 25.0530__30.1796, 26.0534__30.1745, 27.0537__30.1693, 28.0538__30.1641, 29.0536__30.1588, 30.0536__30.1542, 31.0542__30.1489, 32.0534__30.1430, 33.0525__30.1375, 34.0515__30.1321, 35.0504__30.1269, 36.0491__30.1218, 37.0477__30.1167, 38.0461__30.1118, 39.0445__30.1069, 40.0430__30.1021, 41.0413__30.0975, 42.0395__30.0930, 43.0378__30.0887, 44.0364__30.0843, 45.0347__30.0798, 46.0331__30.0757, 47.0312__30.0723, 48.0296__30.0688, 49.0276__30.0653, 50.0246__30.0621, 51.0223__30.0591, 52.0213__30.0569, 53.0185__30.0542, 54.0152__30.0509, 55.0122__30.0480, 56.0091__30.0457, 57.0050__30.0426, 58.0035__30.0400, 59.0003__30.0381, 59.9966__30.0349, 60.9944__30.0297, 61.9962__30.0250, 62.9987__30.0237, 64.0000__30.0240, 
0.0000__29.3066, 1.0012__29.3058, 2.0018__29.3048, 3.0058__29.3038, 4.0107__29.3003, 5.0157__29.2947, 6.0201__29.2882, 7.0214__29.2844, 8.0267__29.2805, 9.0310__29.2748, 10.0345__29.2691, 11.0376__29.2633, 12.0403__29.2574, 13.0427__29.2512, 14.0449__29.2451, 15.0468__29.2391, 16.0488__29.2335, 17.0507__29.2278, 18.0527__29.2222, 19.0541__29.2165, 20.0547__29.2112, 21.0558__29.2062, 22.0567__29.2009, 23.0571__29.1957, 24.0575__29.1905, 25.0582__29.1851, 26.0587__29.1798, 27.0590__29.1744, 28.0591__29.1689, 29.0590__29.1634, 30.0584__29.1578, 31.0599__29.1524, 32.0590__29.1470, 33.0580__29.1414, 34.0569__29.1358, 35.0557__29.1304, 36.0543__29.1252, 37.0527__29.1201, 38.0511__29.1150, 39.0494__29.1101, 40.0477__29.1053, 41.0459__29.1006, 42.0440__29.0961, 43.0421__29.0917, 44.0408__29.0874, 45.0391__29.0830, 46.0371__29.0787, 47.0349__29.0745, 48.0332__29.0708, 49.0308__29.0676, 50.0281__29.0642, 51.0255__29.0604, 52.0235__29.0572, 53.0214__29.0549, 54.0181__29.0525, 55.0148__29.0499, 56.0116__29.0472, 57.0083__29.0445, 58.0052__29.0422, 59.0025__29.0402, 60.0003__29.0374, 60.9988__29.0341, 61.9986__29.0314, 62.9988__29.0305, 64.0000__29.0305, 
0.0000__28.3134, 0.9999__28.3150, 2.0007__28.3175, 3.0078__28.3172, 4.0149__28.3144, 5.0233__28.3083, 6.0259__28.3008, 7.0247__28.2944, 8.0321__28.2890, 9.0368__28.2835, 10.0406__28.2774, 11.0437__28.2710, 12.0465__28.2646, 13.0489__28.2584, 14.0509__28.2524, 15.0527__28.2463, 16.0546__28.2403, 17.0563__28.2345, 18.0583__28.2289, 19.0596__28.2236, 20.0601__28.2182, 21.0612__28.2124, 22.0620__28.2070, 23.0624__28.2015, 24.0630__28.1960, 25.0635__28.1905, 26.0637__28.1852, 27.0649__28.1796, 28.0649__28.1735, 29.0645__28.1679, 30.0643__28.1623, 31.0651__28.1566, 32.0647__28.1510, 33.0637__28.1451, 34.0625__28.1394, 35.0611__28.1338, 36.0595__28.1285, 37.0579__28.1233, 38.0561__28.1182, 39.0542__28.1132, 40.0525__28.1084, 41.0505__28.1035, 42.0483__28.0991, 43.0467__28.0944, 44.0453__28.0896, 45.0433__28.0853, 46.0412__28.0812, 47.0389__28.0773, 48.0367__28.0735, 49.0342__28.0699, 50.0316__28.0664, 51.0290__28.0629, 52.0265__28.0598, 53.0237__28.0570, 54.0207__28.0544, 55.0175__28.0517, 56.0142__28.0491, 57.0109__28.0465, 58.0075__28.0437, 59.0049__28.0409, 60.0025__28.0390, 61.0011__28.0376, 62.0001__28.0363, 62.9991__28.0355, 64.0000__28.0353, 
0.0000__27.3402, 0.9986__27.3395, 2.0005__27.3371, 3.0084__27.3361, 4.0195__27.3337, 5.0300__27.3295, 6.0402__27.3178, 7.0295__27.3064, 8.0374__27.2999, 9.0432__27.2929, 10.0474__27.2856, 11.0503__27.2785, 12.0529__27.2718, 13.0551__27.2653, 14.0570__27.2590, 15.0589__27.2529, 16.0606__27.2467, 17.0621__27.2407, 18.0638__27.2349, 19.0649__27.2294, 20.0659__27.2238, 21.0667__27.2182, 22.0675__27.2126, 23.0679__27.2070, 24.0686__27.2014, 25.0690__27.1958, 26.0698__27.1897, 27.0708__27.1833, 28.0706__27.1777, 29.0696__27.1722, 30.0691__27.1676, 31.0714__27.1623, 32.0711__27.1551, 33.0697__27.1487, 34.0682__27.1429, 35.0666__27.1372, 36.0649__27.1317, 37.0631__27.1263, 38.0612__27.1211, 39.0592__27.1160, 40.0574__27.1110, 41.0553__27.1062, 42.0530__27.1012, 43.0514__27.0965, 44.0497__27.0921, 45.0475__27.0879, 46.0452__27.0839, 47.0428__27.0799, 48.0404__27.0761, 49.0378__27.0724, 50.0351__27.0688, 51.0324__27.0654, 52.0295__27.0621, 53.0265__27.0591, 54.0233__27.0563, 55.0201__27.0536, 56.0168__27.0509, 57.0135__27.0483, 58.0104__27.0457, 59.0074__27.0431, 60.0044__27.0405, 61.0024__27.0385, 62.0008__27.0377, 62.9993__27.0375, 64.0000__27.0374, 
0.0000__26.3417, 1.0005__26.3401, 2.0030__26.3363, 3.0057__26.3358, 4.0249__26.3340, 5.0331__26.3303, 6.0477__26.3336, 7.0407__26.3275, 8.0472__26.3128, 9.0514__26.3020, 10.0549__26.2937, 11.0575__26.2861, 12.0597__26.2789, 13.0616__26.2722, 14.0633__26.2657, 15.0651__26.2594, 16.0667__26.2531, 17.0681__26.2470, 18.0695__26.2410, 19.0706__26.2352, 20.0716__26.2295, 21.0724__26.2237, 22.0730__26.2180, 23.0738__26.2122, 24.0742__26.2063, 25.0744__26.2009, 26.0762__26.1951, 27.0770__26.1886, 28.0768__26.1819, 29.0757__26.1749, 30.0746__26.1672, 31.0770__26.1613, 32.0770__26.1576, 33.0757__26.1523, 34.0741__26.1462, 35.0722__26.1405, 36.0703__26.1350, 37.0684__26.1295, 38.0664__26.1242, 39.0644__26.1189, 40.0623__26.1138, 41.0602__26.1089, 42.0581__26.1040, 43.0559__26.0991, 44.0540__26.0947, 45.0516__26.0904, 46.0493__26.0863, 47.0468__26.0823, 48.0441__26.0784, 49.0414__26.0746, 50.0387__26.0710, 51.0358__26.0675, 52.0327__26.0642, 53.0295__26.0612, 54.0262__26.0582, 55.0228__26.0554, 56.0195__26.0527, 57.0161__26.0502, 58.0129__26.0477, 59.0099__26.0452, 60.0069__26.0429, 61.0039__26.0408, 62.0013__26.0395, 62.9997__26.0387, 64.0000__26.0383, 
0.0000__25.3474, 1.0029__25.3462, 2.0060__25.3432, 3.0066__25.3375, 4.0313__25.3307, 5.0360__25.3250, 6.0428__25.3256, 7.0491__25.3270, 8.0605__25.3201, 9.0605__25.3096, 10.0631__25.3012, 11.0651__25.2931, 12.0667__25.2857, 13.0682__25.2787, 14.0693__25.2723, 15.0719__25.2659, 16.0730__25.2591, 17.0740__25.2531, 18.0755__25.2471, 19.0765__25.2409, 20.0773__25.2350, 21.0781__25.2293, 22.0788__25.2234, 23.0799__25.2173, 24.0799__25.2112, 25.0794__25.2055, 26.0829__25.1996, 27.0837__25.1928, 28.0838__25.1860, 29.0832__25.1789, 30.0824__25.1716, 31.0816__25.1648, 32.0819__25.1589, 33.0813__25.1538, 34.0796__25.1488, 35.0777__25.1435, 36.0758__25.1381, 37.0739__25.1326, 38.0718__25.1272, 39.0696__25.1219, 40.0673__25.1166, 41.0651__25.1116, 42.0629__25.1066, 43.0606__25.1018, 44.0583__25.0972, 45.0559__25.0928, 46.0534__25.0886, 47.0508__25.0844, 48.0480__25.0804, 49.0452__25.0766, 50.0422__25.0729, 51.0392__25.0695, 52.0359__25.0662, 53.0325__25.0630, 54.0291__25.0600, 55.0256__25.0572, 56.0221__25.0544, 57.0186__25.0517, 58.0154__25.0492, 59.0122__25.0470, 60.0090__25.0450, 61.0058__25.0432, 62.0027__25.0412, 63.0005__25.0397, 64.0000__25.0391, 
0.0000__24.3565, 1.0053__24.3551, 2.0098__24.3511, 3.0131__24.3435, 4.0362__24.3386, 5.0428__24.3341, 6.0455__24.3244, 7.0497__24.3190, 8.0652__24.3195, 9.0702__24.3170, 10.0718__24.3075, 11.0731__24.2992, 12.0739__24.2915, 13.0752__24.2842, 14.0759__24.2768, 15.0784__24.2703, 16.0790__24.2648, 17.0801__24.2587, 18.0816__24.2525, 19.0825__24.2465, 20.0832__24.2405, 21.0837__24.2348, 22.0849__24.2290, 23.0862__24.2226, 24.0864__24.2158, 25.0861__24.2080, 26.0884__24.2014, 27.0910__24.1955, 28.0902__24.1887, 29.0902__24.1826, 30.0892__24.1758, 31.0884__24.1691, 32.0875__24.1630, 33.0864__24.1574, 34.0849__24.1520, 35.0831__24.1465, 36.0813__24.1410, 37.0793__24.1355, 38.0772__24.1301, 39.0749__24.1247, 40.0726__24.1194, 41.0702__24.1142, 42.0678__24.1092, 43.0654__24.1044, 44.0629__24.0996, 45.0603__24.0951, 46.0577__24.0907, 47.0549__24.0865, 48.0520__24.0824, 49.0490__24.0784, 50.0458__24.0747, 51.0425__24.0712, 52.0391__24.0679, 53.0356__24.0647, 54.0320__24.0617, 55.0284__24.0588, 56.0248__24.0560, 57.0212__24.0535, 58.0177__24.0511, 59.0142__24.0489, 60.0108__24.0470, 61.0076__24.0452, 62.0045__24.0436, 63.0017__24.0422, 64.0000__24.0415, 
0.0000__23.3685, 1.0088__23.3666, 2.0164__23.3609, 3.0216__23.3509, 4.0361__23.3475, 5.0528__23.3435, 6.0555__23.3334, 7.0553__23.3220, 8.0630__23.3159, 9.0752__23.3165, 10.0815__23.3118, 11.0806__23.3037, 12.0816__23.2968, 13.0824__23.2896, 14.0831__23.2828, 15.0840__23.2765, 16.0849__23.2705, 17.0861__23.2646, 18.0879__23.2586, 19.0887__23.2521, 20.0892__23.2458, 21.0894__23.2395, 22.0911__23.2332, 23.0929__23.2269, 24.0933__23.2202, 25.0942__23.2127, 26.0950__23.2045, 27.0972__23.1980, 28.0962__23.1924, 29.0965__23.1862, 30.0963__23.1797, 31.0948__23.1730, 32.0935__23.1668, 33.0921__23.1610, 34.0905__23.1552, 35.0887__23.1495, 36.0868__23.1439, 37.0848__23.1383, 38.0826__23.1328, 39.0803__23.1274, 40.0779__23.1220, 41.0753__23.1168, 42.0728__23.1116, 43.0702__23.1067, 44.0676__23.1018, 45.0648__23.0972, 46.0620__23.0927, 47.0591__23.0884, 48.0560__23.0842, 49.0529__23.0802, 50.0495__23.0764, 51.0459__23.0728, 52.0423__23.0695, 53.0389__23.0663, 54.0350__23.0631, 55.0312__23.0602, 56.0274__23.0575, 57.0236__23.0550, 58.0199__23.0527, 59.0162__23.0506, 60.0126__23.0487, 61.0091__23.0471, 62.0058__23.0458, 63.0027__23.0448, 64.0000__23.0444, 
0.0000__22.3683, 1.0111__22.3683, 2.0217__22.3676, 3.0296__22.3635, 4.0392__22.3556, 5.0616__22.3499, 6.0665__22.3424, 7.0675__22.3299, 8.0697__22.3159, 9.0775__22.3069, 10.0855__22.3059, 11.0869__22.3041, 12.0884__22.2987, 13.0881__22.2937, 14.0897__22.2884, 15.0899__22.2825, 16.0911__22.2766, 17.0922__22.2701, 18.0943__22.2637, 19.0951__22.2575, 20.0956__22.2510, 21.0959__22.2443, 22.0978__22.2371, 23.0989__22.2307, 24.1007__22.2238, 25.1024__22.2153, 26.1020__22.2081, 27.1028__22.2021, 28.1036__22.1951, 29.1029__22.1877, 30.1024__22.1820, 31.1008__22.1765, 32.0995__22.1705, 33.0980__22.1645, 34.0963__22.1585, 35.0944__22.1527, 36.0924__22.1469, 37.0905__22.1412, 38.0882__22.1354, 39.0857__22.1299, 40.0832__22.1244, 41.0806__22.1191, 42.0779__22.1138, 43.0751__22.1087, 44.0723__22.1039, 45.0695__22.0991, 46.0665__22.0945, 47.0633__22.0901, 48.0601__22.0858, 49.0568__22.0818, 50.0532__22.0780, 51.0495__22.0743, 52.0456__22.0707, 53.0421__22.0675, 54.0380__22.0644, 55.0340__22.0615, 56.0300__22.0588, 57.0260__22.0563, 58.0221__22.0541, 59.0182__22.0520, 60.0143__22.0503, 61.0105__22.0488, 62.0069__22.0476, 63.0034__22.0468, 64.0000__22.0465, 
0.0000__21.3528, 1.0112__21.3527, 2.0226__21.3527, 3.0335__21.3517, 4.0457__21.3478, 5.0638__21.3469, 6.0765__21.3460, 7.0811__21.3361, 8.0820__21.3242, 9.0839__21.3148, 10.0879__21.3085, 11.0906__21.3051, 12.0925__21.3027, 13.0931__21.2988, 14.0948__21.2939, 15.0958__21.2888, 16.0972__21.2826, 17.0985__21.2767, 18.1009__21.2701, 19.1016__21.2631, 20.1023__21.2564, 21.1029__21.2493, 22.1051__21.2421, 23.1052__21.2347, 24.1093__21.2268, 25.1101__21.2190, 26.1093__21.2113, 27.1095__21.2036, 28.1103__21.1974, 29.1092__21.1917, 30.1080__21.1857, 31.1068__21.1797, 32.1055__21.1737, 33.1040__21.1678, 34.1023__21.1617, 35.1004__21.1557, 36.0982__21.1497, 37.0963__21.1438, 38.0939__21.1381, 39.0913__21.1324, 40.0887__21.1267, 41.0860__21.1213, 42.0831__21.1159, 43.0802__21.1107, 44.0772__21.1056, 45.0743__21.1007, 46.0710__21.0961, 47.0677__21.0916, 48.0643__21.0873, 49.0608__21.0832, 50.0570__21.0793, 51.0531__21.0755, 52.0491__21.0718, 53.0452__21.0685, 54.0410__21.0654, 55.0368__21.0626, 56.0326__21.0599, 57.0284__21.0575, 58.0242__21.0552, 59.0200__21.0532, 60.0159__21.0515, 61.0118__21.0501, 62.0078__21.0491, 63.0039__21.0484, 64.0000__21.0482, 
0.0000__20.3376, 1.0114__20.3376, 2.0229__20.3374, 3.0348__20.3369, 4.0479__20.3359, 5.0626__20.3361, 6.0790__20.3387, 7.0913__20.3387, 8.0924__20.3312, 9.0921__20.3225, 10.0932__20.3157, 11.0937__20.3111, 12.0954__20.3079, 13.0982__20.3040, 14.0999__20.2987, 15.1013__20.2932, 16.1032__20.2876, 17.1047__20.2812, 18.1076__20.2752, 19.1084__20.2690, 20.1094__20.2617, 21.1099__20.2542, 22.1119__20.2474, 23.1138__20.2391, 24.1173__20.2306, 25.1174__20.2237, 26.1172__20.2165, 27.1169__20.2089, 28.1164__20.2017, 29.1153__20.1953, 30.1140__20.1893, 31.1128__20.1833, 32.1115__20.1773, 33.1101__20.1711, 34.1084__20.1649, 35.1065__20.1587, 36.1043__20.1526, 37.1020__20.1466, 38.0997__20.1407, 39.0971__20.1348, 40.0944__20.1290, 41.0915__20.1233, 42.0885__20.1178, 43.0854__20.1125, 44.0823__20.1073, 45.0790__20.1023, 46.0757__20.0975, 47.0721__20.0929, 48.0685__20.0886, 49.0648__20.0845, 50.0608__20.0805, 51.0570__20.0766, 52.0527__20.0728, 53.0484__20.0694, 54.0440__20.0663, 55.0395__20.0634, 56.0352__20.0608, 57.0306__20.0584, 58.0264__20.0562, 59.0219__20.0541, 60.0174__20.0524, 61.0130__20.0511, 62.0086__20.0501, 63.0043__20.0495, 64.0000__20.0493, 
0.0000__19.3228, 1.0115__19.3228, 2.0231__19.3228, 3.0351__19.3229, 4.0479__19.3232, 5.0614__19.3243, 6.0759__19.3270, 7.0913__19.3326, 8.1000__19.3348, 9.1004__19.3288, 10.0995__19.3214, 11.0981__19.3152, 12.0973__19.3117, 13.1022__19.3100, 14.1057__19.3058, 15.1071__19.3000, 16.1090__19.2944, 17.1111__19.2886, 18.1133__19.2827, 19.1157__19.2758, 20.1172__19.2678, 21.1181__19.2590, 22.1195__19.2497, 23.1222__19.2418, 24.1240__19.2354, 25.1247__19.2286, 26.1245__19.2214, 27.1244__19.2143, 28.1239__19.2069, 29.1218__19.1996, 30.1200__19.1931, 31.1188__19.1870, 32.1177__19.1809, 33.1164__19.1745, 34.1147__19.1681, 35.1127__19.1617, 36.1105__19.1554, 37.1081__19.1492, 38.1056__19.1431, 39.1031__19.1371, 40.1002__19.1312, 41.0972__19.1253, 42.0940__19.1196, 43.0908__19.1141, 44.0874__19.1088, 45.0840__19.1037, 46.0804__19.0987, 47.0767__19.0940, 48.0728__19.0894, 49.0690__19.0849, 50.0648__19.0806, 51.0607__19.0767, 52.0562__19.0733, 53.0517__19.0699, 54.0470__19.0668, 55.0423__19.0638, 56.0378__19.0611, 57.0329__19.0586, 58.0285__19.0564, 59.0237__19.0546, 60.0189__19.0530, 61.0141__19.0517, 62.0094__19.0508, 63.0047__19.0502, 64.0000__19.0500, 
0.0000__18.3080, 1.0114__18.3081, 2.0229__18.3083, 3.0347__18.3089, 4.0469__18.3098, 5.0595__18.3115, 6.0724__18.3144, 7.0855__18.3190, 8.0983__18.3260, 9.1057__18.3299, 10.1075__18.3255, 11.1038__18.3184, 12.1001__18.3123, 13.1014__18.3112, 14.1120__18.3107, 15.1120__18.3064, 16.1141__18.3020, 17.1175__18.2960, 18.1195__18.2890, 19.1237__18.2814, 20.1255__18.2730, 21.1273__18.2644, 22.1283__18.2559, 23.1297__18.2474, 24.1309__18.2395, 25.1319__18.2322, 26.1317__18.2250, 27.1312__18.2182, 28.1307__18.2123, 29.1287__18.2060, 30.1272__18.1984, 31.1249__18.1912, 32.1243__18.1846, 33.1229__18.1778, 34.1212__18.1712, 35.1192__18.1646, 36.1169__18.1581, 37.1144__18.1517, 38.1117__18.1454, 39.1091__18.1393, 40.1061__18.1332, 41.1030__18.1272, 42.0997__18.1214, 43.0963__18.1156, 44.0927__18.1101, 45.0891__18.1048, 46.0853__18.0998, 47.0815__18.0949, 48.0775__18.0902, 49.0734__18.0856, 50.0690__18.0813, 51.0644__18.0773, 52.0597__18.0736, 53.0550__18.0701, 54.0501__18.0669, 55.0452__18.0639, 56.0403__18.0612, 57.0353__18.0588, 58.0304__18.0567, 59.0254__18.0549, 60.0203__18.0533, 61.0152__18.0520, 62.0102__18.0511, 63.0051__18.0505, 64.0000__18.0504, 
0.0000__17.2931, 1.0112__17.2932, 2.0224__17.2936, 3.0338__17.2944, 4.0454__17.2957, 5.0572__17.2977, 6.0690__17.3006, 7.0806__17.3045, 8.0917__17.3097, 9.1026__17.3166, 10.1100__17.3227, 11.1120__17.3208, 12.1057__17.3132, 13.1015__17.3073, 14.1093__17.3100, 15.1145__17.3147, 16.1206__17.3103, 17.1237__17.3039, 18.1275__17.2966, 19.1320__17.2880, 20.1344__17.2793, 21.1358__17.2704, 22.1369__17.2619, 23.1382__17.2534, 24.1388__17.2455, 25.1401__17.2372, 26.1390__17.2294, 27.1372__17.2231, 28.1366__17.2171, 29.1360__17.2100, 30.1344__17.2028, 31.1321__17.1956, 32.1310__17.1882, 33.1298__17.1812, 34.1279__17.1742, 35.1258__17.1674, 36.1234__17.1608, 37.1208__17.1542, 38.1181__17.1477, 39.1153__17.1413, 40.1122__17.1351, 41.1090__17.1290, 42.1056__17.1229, 43.1020__17.1170, 44.0982__17.1114, 45.0943__17.1059, 46.0904__17.1007, 47.0863__17.0957, 48.0822__17.0909, 49.0779__17.0863, 50.0733__17.0818, 51.0684__17.0775, 52.0634__17.0736, 53.0584__17.0700, 54.0533__17.0667, 55.0480__17.0637, 56.0428__17.0610, 57.0376__17.0586, 58.0323__17.0566, 59.0271__17.0548, 60.0217__17.0532, 61.0164__17.0520, 62.0109__17.0511, 63.0055__17.0505, 64.0000__17.0503, 
0.0000__16.2779, 1.0109__16.2780, 2.0218__16.2786, 3.0327__16.2795, 4.0438__16.2809, 5.0548__16.2829, 6.0657__16.2857, 7.0763__16.2892, 8.0865__16.2936, 9.0960__16.2989, 10.1051__16.3052, 11.1131__16.3121, 12.1114__16.3137, 13.1071__16.3076, 14.1014__16.3056, 15.1135__16.3084, 16.1236__16.3089, 17.1284__16.3071, 18.1351__16.3020, 19.1409__16.2948, 20.1439__16.2857, 21.1449__16.2761, 22.1453__16.2672, 23.1462__16.2591, 24.1462__16.2513, 25.1477__16.2447, 26.1460__16.2384, 27.1440__16.2310, 28.1437__16.2232, 29.1435__16.2158, 30.1416__16.2082, 31.1397__16.2002, 32.1385__16.1923, 33.1369__16.1848, 34.1352__16.1774, 35.1327__16.1701, 36.1301__16.1632, 37.1272__16.1567, 38.1248__16.1500, 39.1218__16.1432, 40.1185__16.1367, 41.1151__16.1304, 42.1116__16.1243, 43.1079__16.1183, 44.1038__16.1126, 45.0997__16.1070, 46.0956__16.1017, 47.0913__16.0965, 48.0867__16.0916, 49.0828__16.0868, 50.0779__16.0818, 51.0725__16.0774, 52.0672__16.0733, 53.0619__16.0697, 54.0565__16.0663, 55.0509__16.0633, 56.0454__16.0605, 57.0398__16.0581, 58.0343__16.0560, 59.0287__16.0542, 60.0231__16.0527, 61.0174__16.0515, 62.0117__16.0506, 63.0058__16.0501, 64.0000__16.0499, 
0.0000__15.2624, 1.0105__15.2625, 2.0210__15.2631, 3.0316__15.2640, 4.0421__15.2655, 5.0525__15.2674, 6.0627__15.2699, 7.0726__15.2731, 8.0820__15.2769, 9.0909__15.2813, 10.0990__15.2865, 11.1062__15.2933, 12.1098__15.3005, 13.1096__15.3041, 14.1040__15.2990, 15.1133__15.2924, 16.1228__15.2919, 17.1300__15.2920, 18.1378__15.2915, 19.1456__15.2909, 20.1528__15.2863, 21.1527__15.2799, 22.1531__15.2733, 23.1556__15.2636, 24.1547__15.2530, 25.1532__15.2460, 26.1522__15.2408, 27.1510__15.2346, 28.1505__15.2285, 29.1513__15.2212, 30.1502__15.2121, 31.1478__15.2031, 32.1465__15.1948, 33.1444__15.1868, 34.1425__15.1794, 35.1397__15.1724, 36.1369__15.1656, 37.1339__15.1586, 38.1316__15.1518, 39.1286__15.1450, 40.1249__15.1384, 41.1215__15.1319, 42.1178__15.1256, 43.1138__15.1194, 44.1095__15.1135, 45.1052__15.1079, 46.1009__15.1025, 47.0966__15.0971, 48.0919__15.0913, 49.0877__15.0860, 50.0825__15.0815, 51.0769__15.0770, 52.0712__15.0728, 53.0654__15.0689, 54.0597__15.0656, 55.0538__15.0625, 56.0480__15.0597, 57.0421__15.0573, 58.0362__15.0551, 59.0304__15.0534, 60.0244__15.0519, 61.0185__15.0507, 62.0124__15.0498, 63.0062__15.0492, 64.0000__15.0491, 
0.0000__14.2465, 1.0102__14.2467, 2.0203__14.2472, 3.0304__14.2482, 4.0404__14.2495, 5.0503__14.2513, 6.0600__14.2536, 7.0694__14.2563, 8.0782__14.2596, 9.0865__14.2633, 10.0940__14.2675, 11.1001__14.2721, 12.1047__14.2763, 13.1081__14.2792, 14.1097__14.2779, 15.1156__14.2746, 16.1229__14.2733, 17.1303__14.2727, 18.1377__14.2723, 19.1457__14.2724, 20.1548__14.2751, 21.1568__14.2754, 22.1613__14.2687, 23.1655__14.2607, 24.1628__14.2543, 25.1576__14.2498, 26.1578__14.2454, 27.1571__14.2399, 28.1567__14.2332, 29.1604__14.2246, 30.1593__14.2155, 31.1571__14.2061, 32.1546__14.1970, 33.1519__14.1892, 34.1496__14.1820, 35.1470__14.1747, 36.1436__14.1677, 37.1409__14.1611, 38.1384__14.1542, 39.1355__14.1473, 40.1316__14.1403, 41.1281__14.1333, 42.1242__14.1265, 43.1199__14.1201, 44.1154__14.1140, 45.1106__14.1082, 46.1059__14.1031, 47.1023__14.0977, 48.0981__14.0916, 49.0927__14.0858, 50.0871__14.0808, 51.0813__14.0762, 52.0753__14.0720, 53.0690__14.0680, 54.0629__14.0645, 55.0568__14.0614, 56.0506__14.0586, 57.0444__14.0562, 58.0382__14.0540, 59.0320__14.0522, 60.0257__14.0507, 61.0195__14.0495, 62.0132__14.0486, 63.0066__14.0481, 64.0000__14.0479, 
0.0000__13.2303, 1.0098__13.2305, 2.0196__13.2310, 3.0293__13.2318, 4.0389__13.2331, 5.0484__13.2347, 6.0577__13.2367, 7.0666__13.2391, 8.0750__13.2418, 9.0830__13.2449, 10.0902__13.2481, 11.0965__13.2513, 12.1019__13.2540, 13.1066__13.2558, 14.1114__13.2559, 15.1170__13.2550, 16.1237__13.2542, 17.1307__13.2536, 18.1379__13.2533, 19.1451__13.2533, 20.1517__13.2540, 21.1579__13.2547, 22.1654__13.2559, 23.1704__13.2557, 24.1670__13.2540, 25.1618__13.2494, 26.1585__13.2483, 27.1625__13.2463, 28.1651__13.2379, 29.1700__13.2280, 30.1684__13.2184, 31.1662__13.2096, 32.1634__13.2009, 33.1602__13.1920, 34.1570__13.1838, 35.1542__13.1765, 36.1499__13.1700, 37.1476__13.1634, 38.1454__13.1565, 39.1423__13.1497, 40.1391__13.1421, 41.1353__13.1344, 42.1310__13.1271, 43.1264__13.1203, 44.1215__13.1139, 45.1164__13.1076, 46.1112__13.1014, 47.1080__13.0956, 48.1038__13.0902, 49.0981__13.0849, 50.0920__13.0797, 51.0857__13.0750, 52.0793__13.0707, 53.0728__13.0668, 54.0663__13.0632, 55.0598__13.0599, 56.0531__13.0571, 57.0465__13.0548, 58.0404__13.0526, 59.0337__13.0506, 60.0269__13.0493, 61.0207__13.0481, 62.0139__13.0470, 63.0070__13.0464, 64.0000__13.0463, 
0.0000__12.2138, 1.0095__12.2139, 2.0189__12.2144, 3.0283__12.2152, 4.0376__12.2163, 5.0467__12.2177, 6.0556__12.2194, 7.0642__12.2214, 8.0724__12.2237, 9.0801__12.2262, 10.0873__12.2287, 11.0939__12.2311, 12.0999__12.2331, 13.1056__12.2345, 14.1114__12.2351, 15.1175__12.2351, 16.1241__12.2349, 17.1312__12.2346, 18.1383__12.2342, 19.1451__12.2338, 20.1513__12.2336, 21.1571__12.2339, 22.1628__12.2353, 23.1681__12.2400, 24.1667__12.2438, 25.1643__12.2443, 26.1598__12.2390, 27.1660__12.2337, 28.1717__12.2305, 29.1790__12.2249, 30.1781__12.2161, 31.1742__12.2075, 32.1707__12.2009, 33.1685__12.1942, 34.1650__12.1863, 35.1613__12.1790, 36.1553__12.1730, 37.1544__12.1667, 38.1524__12.1594, 39.1501__12.1514, 40.1471__12.1431, 41.1430__12.1350, 42.1382__12.1273, 43.1331__12.1202, 44.1277__12.1139, 45.1228__12.1077, 46.1178__12.1009, 47.1136__12.0943, 48.1091__12.0887, 49.1034__12.0833, 50.0969__12.0782, 51.0902__12.0735, 52.0834__12.0691, 53.0766__12.0651, 54.0698__12.0614, 55.0628__12.0581, 56.0559__12.0552, 57.0488__12.0523, 58.0425__12.0501, 59.0353__12.0485, 60.0282__12.0468, 61.0218__12.0456, 62.0146__12.0450, 63.0074__12.0445, 64.0000__12.0443, 
0.0000__11.1969, 1.0092__11.1971, 2.0184__11.1975, 3.0275__11.1982, 4.0364__11.1991, 5.0453__11.2003, 6.0539__11.2018, 7.0622__11.2035, 8.0702__11.2054, 9.0779__11.2074, 10.0851__11.2095, 11.0919__11.2113, 12.0984__11.2129, 13.1046__11.2142, 14.1109__11.2150, 15.1174__11.2154, 16.1242__11.2156, 17.1314__11.2156, 18.1388__11.2153, 19.1461__11.2141, 20.1516__11.2128, 21.1566__11.2126, 22.1609__11.2134, 23.1639__11.2150, 24.1648__11.2162, 25.1645__11.2158, 26.1649__11.2133, 27.1669__11.2126, 28.1739__11.2123, 29.1836__11.2104, 30.1851__11.2078, 31.1791__11.2040, 32.1763__11.2000, 33.1755__11.1945, 34.1708__11.1894, 35.1675__11.1846, 36.1632__11.1760, 37.1621__11.1667, 38.1598__11.1593, 39.1578__11.1526, 40.1559__11.1443, 41.1512__11.1353, 42.1461__11.1268, 43.1391__11.1200, 44.1338__11.1139, 45.1283__11.1080, 46.1252__11.1015, 47.1206__11.0936, 48.1147__11.0870, 49.1089__11.0816, 50.1021__11.0762, 51.0947__11.0714, 52.0876__11.0671, 53.0806__11.0629, 54.0733__11.0590, 55.0659__11.0556, 56.0587__11.0526, 57.0515__11.0501, 58.0443__11.0479, 59.0368__11.0462, 60.0298__11.0447, 61.0227__11.0434, 62.0153__11.0426, 63.0077__11.0421, 64.0000__11.0420, 
0.0000__10.1798, 1.0089__10.1799, 2.0178__10.1803, 3.0267__10.1809, 4.0354__10.1817, 5.0440__10.1828, 6.0524__10.1840, 7.0606__10.1854, 8.0684__10.1870, 9.0760__10.1886, 10.0833__10.1903, 11.0903__10.1918, 12.0970__10.1932, 13.1036__10.1943, 14.1103__10.1952, 15.1170__10.1959, 16.1240__10.1964, 17.1313__10.1968, 18.1394__10.1970, 19.1489__10.1958, 20.1546__10.1927, 21.1567__10.1911, 22.1606__10.1906, 23.1634__10.1903, 24.1651__10.1902, 25.1675__10.1884, 26.1653__10.1881, 27.1632__10.1927, 28.1747__10.1962, 29.1874__10.1948, 30.1881__10.1923, 31.1831__10.1899, 32.1805__10.1857, 33.1765__10.1849, 34.1745__10.1843, 35.1737__10.1789, 36.1722__10.1716, 37.1669__10.1670, 38.1655__10.1640, 39.1649__10.1571, 40.1661__10.1472, 41.1607__10.1368, 42.1545__10.1279, 43.1459__10.1196, 44.1416__10.1106, 45.1356__10.1011, 46.1322__10.0932, 47.1270__10.0876, 48.1200__10.0825, 49.1141__10.0774, 50.1066__10.0729, 51.0987__10.0690, 52.0919__10.0649, 53.0850__10.0604, 54.0770__10.0562, 55.0693__10.0528, 56.0614__10.0497, 57.0538__10.0470, 58.0462__10.0450, 59.0385__10.0430, 60.0311__10.0415, 61.0236__10.0406, 62.0159__10.0399, 63.0080__10.0395, 64.0000__10.0394, 
0.0000__9.1624, 1.0087__9.1625, 2.0174__9.1628, 3.0260__9.1634, 4.0345__9.1641, 5.0429__9.1650, 6.0512__9.1660, 7.0592__9.1672, 8.0670__9.1685, 9.0745__9.1699, 10.0818__9.1712, 11.0889__9.1725, 12.0958__9.1737, 13.1026__9.1748, 14.1094__9.1757, 15.1163__9.1765, 16.1233__9.1773, 17.1307__9.1782, 18.1388__9.1793, 19.1480__9.1823, 20.1551__9.1864, 21.1605__9.1853, 22.1658__9.1793, 23.1656__9.1753, 24.1668__9.1736, 25.1673__9.1754, 26.1643__9.1772, 27.1576__9.1795, 28.1721__9.1835, 29.1880__9.1884, 30.1891__9.1915, 31.1866__9.1910, 32.1835__9.1889, 33.1793__9.1846, 34.1791__9.1782, 35.1777__9.1737, 36.1795__9.1693, 37.1696__9.1624, 38.1704__9.1559, 39.1744__9.1477, 40.1740__9.1398, 41.1684__9.1356, 42.1625__9.1290, 43.1563__9.1186, 44.1515__9.1076, 45.1441__9.0992, 46.1391__9.0920, 47.1323__9.0857, 48.1257__9.0799, 49.1189__9.0746, 50.1111__9.0698, 51.1033__9.0647, 52.0961__9.0599, 53.0888__9.0563, 54.0806__9.0531, 55.0725__9.0496, 56.0644__9.0466, 57.0563__9.0439, 58.0481__9.0416, 59.0403__9.0398, 60.0322__9.0384, 61.0244__9.0375, 62.0163__9.0369, 63.0082__9.0366, 64.0000__9.0365, 
0.0000__8.1449, 1.0085__8.1449, 2.0170__8.1452, 3.0255__8.1456, 4.0338__8.1462, 5.0420__8.1470, 6.0501__8.1479, 7.0580__8.1489, 8.0658__8.1499, 9.0733__8.1511, 10.0806__8.1522, 11.0877__8.1533, 12.0947__8.1544, 13.1017__8.1554, 14.1085__8.1563, 15.1154__8.1572, 16.1224__8.1582, 17.1296__8.1594, 18.1369__8.1609, 19.1443__8.1633, 20.1516__8.1663, 21.1600__8.1707, 22.1657__8.1770, 23.1677__8.1795, 24.1684__8.1790, 25.1688__8.1761, 26.1644__8.1741, 27.1567__8.1715, 28.1671__8.1715, 29.1807__8.1778, 30.1854__8.1854, 31.1875__8.1876, 32.1845__8.1865, 33.1841__8.1842, 34.1845__8.1794, 35.1846__8.1714, 36.1851__8.1633, 37.1760__8.1579, 38.1794__8.1484, 39.1810__8.1407, 40.1778__8.1389, 41.1734__8.1339, 42.1706__8.1269, 43.1662__8.1189, 44.1609__8.1103, 45.1529__8.1007, 46.1472__8.0914, 47.1384__8.0840, 48.1316__8.0778, 49.1238__8.0723, 50.1164__8.0671, 51.1085__8.0618, 52.1004__8.0571, 53.0921__8.0534, 54.0843__8.0499, 55.0758__8.0463, 56.0673__8.0431, 57.0587__8.0404, 58.0502__8.0382, 59.0418__8.0365, 60.0334__8.0351, 61.0251__8.0342, 62.0168__8.0336, 63.0084__8.0333, 64.0000__8.0332, 
0.0000__7.1271, 1.0084__7.1272, 2.0167__7.1274, 3.0250__7.1278, 4.0332__7.1283, 5.0413__7.1289, 6.0493__7.1296, 7.0571__7.1304, 8.0647__7.1313, 9.0722__7.1323, 10.0796__7.1332, 11.0867__7.1342, 12.0938__7.1351, 13.1007__7.1360, 14.1076__7.1370, 15.1144__7.1379, 16.1213__7.1390, 17.1282__7.1402, 18.1351__7.1419, 19.1418__7.1439, 20.1484__7.1466, 21.1545__7.1501, 22.1597__7.1544, 23.1644__7.1593, 24.1662__7.1635, 25.1681__7.1678, 26.1647__7.1698, 27.1610__7.1649, 28.1665__7.1591, 29.1748__7.1591, 30.1804__7.1623, 31.1848__7.1662, 32.1840__7.1685, 33.1861__7.1672, 34.1875__7.1654, 35.1927__7.1627, 36.1913__7.1566, 37.1854__7.1461, 38.1884__7.1375, 39.1848__7.1330, 40.1822__7.1272, 41.1790__7.1224, 42.1745__7.1195, 43.1762__7.1145, 44.1697__7.1036, 45.1608__7.0967, 46.1546__7.0905, 47.1458__7.0829, 48.1379__7.0752, 49.1296__7.0685, 50.1211__7.0632, 51.1138__7.0583, 52.1047__7.0533, 53.0955__7.0493, 54.0876__7.0461, 55.0795__7.0428, 56.0703__7.0392, 57.0611__7.0365, 58.0521__7.0344, 59.0433__7.0327, 60.0346__7.0315, 61.0258__7.0306, 62.0172__7.0300, 63.0087__7.0296, 64.0000__7.0295, 
0.0000__6.1092, 1.0082__6.1093, 2.0164__6.1094, 3.0246__6.1097, 4.0327__6.1102, 5.0407__6.1107, 6.0486__6.1113, 7.0563__6.1119, 8.0639__6.1127, 9.0714__6.1134, 10.0787__6.1142, 11.0858__6.1150, 12.0929__6.1159, 13.0998__6.1167, 14.1067__6.1176, 15.1134__6.1185, 16.1202__6.1195, 17.1268__6.1208, 18.1333__6.1223, 19.1396__6.1241, 20.1456__6.1264, 21.1511__6.1291, 22.1558__6.1322, 23.1596__6.1356, 24.1622__6.1387, 25.1637__6.1413, 26.1643__6.1422, 27.1656__6.1408, 28.1689__6.1388, 29.1735__6.1384, 30.1778__6.1398, 31.1810__6.1418, 32.1833__6.1432, 33.1860__6.1441, 34.1878__6.1443, 35.1933__6.1450, 36.1955__6.1467, 37.1945__6.1445, 38.1929__6.1393, 39.1919__6.1339, 40.1878__6.1282, 41.1850__6.1223, 42.1766__6.1165, 43.1847__6.1116, 44.1764__6.1068, 45.1691__6.0993, 46.1621__6.0895, 47.1547__6.0798, 48.1452__6.0712, 49.1359__6.0645, 50.1265__6.0584, 51.1188__6.0531, 52.1089__6.0488, 53.0994__6.0448, 54.0908__6.0408, 55.0829__6.0374, 56.0731__6.0347, 57.0635__6.0323, 58.0539__6.0302, 59.0447__6.0286, 60.0355__6.0274, 61.0266__6.0266, 62.0177__6.0260, 63.0090__6.0256, 64.0000__6.0254, 
0.0000__5.0912, 1.0081__5.0912, 2.0162__5.0914, 3.0243__5.0916, 4.0323__5.0919, 5.0402__5.0923, 6.0480__5.0928, 7.0557__5.0934, 8.0632__5.0940, 9.0707__5.0946, 10.0779__5.0952, 11.0851__5.0959, 12.0921__5.0966, 13.0990__5.0973, 14.1058__5.0981, 15.1125__5.0989, 16.1191__5.0999, 17.1255__5.1010, 18.1318__5.1023, 19.1377__5.1039, 20.1434__5.1058, 21.1485__5.1079, 22.1530__5.1102, 23.1568__5.1125, 24.1598__5.1146, 25.1622__5.1162, 26.1642__5.1169, 27.1666__5.1167, 28.1695__5.1163, 29.1730__5.1164, 30.1765__5.1170, 31.1795__5.1181, 32.1822__5.1191, 33.1848__5.1201, 34.1874__5.1209, 35.1904__5.1226, 36.1928__5.1251, 37.1945__5.1279, 38.1942__5.1299, 39.1933__5.1312, 40.1914__5.1308, 41.1904__5.1268, 42.1833__5.1197, 43.1903__5.1119, 44.1823__5.1046, 45.1761__5.0973, 46.1735__5.0889, 47.1661__5.0755, 48.1523__5.0661, 49.1420__5.0598, 50.1323__5.0538, 51.1233__5.0489, 52.1129__5.0447, 53.1029__5.0410, 54.0947__5.0376, 55.0865__5.0333, 56.0758__5.0295, 57.0655__5.0273, 58.0556__5.0256, 59.0463__5.0241, 60.0365__5.0227, 61.0273__5.0219, 62.0182__5.0214, 63.0092__5.0212, 64.0000__5.0212, 
0.0000__4.0731, 1.0080__4.0731, 2.0161__4.0732, 3.0240__4.0734, 4.0319__4.0736, 5.0398__4.0740, 6.0475__4.0743, 7.0552__4.0748, 8.0627__4.0752, 9.0701__4.0757, 10.0773__4.0762, 11.0845__4.0768, 12.0915__4.0773, 13.0983__4.0779, 14.1051__4.0786, 15.1117__4.0793, 16.1181__4.0801, 17.1244__4.0810, 18.1304__4.0821, 19.1362__4.0834, 20.1416__4.0848, 21.1466__4.0864, 22.1510__4.0881, 23.1549__4.0897, 24.1582__4.0912, 25.1612__4.0923, 26.1639__4.0929, 27.1666__4.0932, 28.1696__4.0933, 29.1726__4.0935, 30.1757__4.0939, 31.1786__4.0946, 32.1813__4.0954, 33.1839__4.0962, 34.1863__4.0972, 35.1884__4.0985, 36.1902__4.1002, 37.1913__4.1021, 38.1917__4.1039, 39.1909__4.1050, 40.1912__4.1053, 41.1912__4.1060, 42.1888__4.1045, 43.1926__4.1028, 44.1909__4.0996, 45.1861__4.0878, 46.1826__4.0769, 47.1763__4.0701, 48.1594__4.0621, 49.1489__4.0542, 50.1378__4.0474, 51.1269__4.0430, 52.1167__4.0397, 53.1079__4.0342, 54.0990__4.0279, 55.0897__4.0252, 56.0782__4.0237, 57.0674__4.0217, 58.0569__4.0201, 59.0477__4.0190, 60.0375__4.0180, 61.0278__4.0174, 62.0185__4.0171, 63.0092__4.0170, 64.0000__4.0170, 
0.0000__3.0549, 1.0080__3.0549, 2.0159__3.0550, 3.0238__3.0551, 4.0317__3.0553, 5.0395__3.0555, 6.0472__3.0558, 7.0548__3.0561, 8.0623__3.0564, 9.0696__3.0568, 10.0769__3.0572, 11.0840__3.0576, 12.0910__3.0580, 13.0978__3.0585, 14.1045__3.0590, 15.1110__3.0596, 16.1174__3.0602, 17.1235__3.0609, 18.1294__3.0617, 19.1350__3.0627, 20.1403__3.0637, 21.1452__3.0649, 22.1496__3.0660, 23.1536__3.0671, 24.1572__3.0681, 25.1604__3.0689, 26.1634__3.0694, 27.1664__3.0698, 28.1694__3.0700, 29.1723__3.0702, 30.1752__3.0706, 31.1780__3.0711, 32.1806__3.0716, 33.1831__3.0723, 34.1853__3.0731, 35.1872__3.0741, 36.1887__3.0752, 37.1897__3.0764, 38.1902__3.0775, 39.1903__3.0782, 40.1903__3.0786, 41.1901__3.0788, 42.1902__3.0783, 43.1912__3.0781, 44.1932__3.0793, 45.1925__3.0805, 46.1910__3.0761, 47.1859__3.0660, 48.1684__3.0547, 49.1568__3.0459, 50.1435__3.0393, 51.1320__3.0327, 52.1208__3.0266, 53.1127__3.0238, 54.1026__3.0220, 55.0912__3.0195, 56.0801__3.0175, 57.0692__3.0157, 58.0583__3.0141, 59.0484__3.0132, 60.0380__3.0129, 61.0281__3.0127, 62.0186__3.0128, 63.0092__3.0128, 64.0000__3.0128, 
0.0000__2.0366, 1.0079__2.0366, 2.0158__2.0367, 3.0237__2.0368, 4.0315__2.0369, 5.0393__2.0370, 6.0469__2.0372, 7.0545__2.0374, 8.0620__2.0376, 9.0693__2.0379, 10.0765__2.0381, 11.0836__2.0384, 12.0906__2.0387, 13.0974__2.0390, 14.1040__2.0394, 15.1105__2.0397, 16.1168__2.0402, 17.1229__2.0407, 18.1287__2.0412, 19.1342__2.0418, 20.1394__2.0425, 21.1442__2.0432, 22.1487__2.0440, 23.1527__2.0447, 24.1564__2.0453, 25.1599__2.0458, 26.1631__2.0462, 27.1662__2.0465, 28.1691__2.0467, 29.1721__2.0469, 30.1749__2.0471, 31.1776__2.0474, 32.1801__2.0478, 33.1824__2.0483, 34.1845__2.0488, 35.1863__2.0495, 36.1877__2.0502, 37.1888__2.0509, 38.1895__2.0515, 39.1899__2.0520, 40.1900__2.0522, 41.1902__2.0523, 42.1904__2.0523, 43.1906__2.0524, 44.1909__2.0529, 45.1912__2.0535, 46.1934__2.0549, 47.1917__2.0561, 48.1805__2.0487, 49.1631__2.0386, 50.1501__2.0323, 51.1393__2.0247, 52.1259__2.0188, 53.1138__2.0156, 54.1043__2.0144, 55.0932__2.0132, 56.0820__2.0115, 57.0709__2.0096, 58.0596__2.0080, 59.0486__2.0074, 60.0381__2.0075, 61.0279__2.0078, 62.0183__2.0082, 63.0091__2.0085, 64.0000__2.0085, 
0.0000__1.0183, 1.0079__1.0183, 2.0158__1.0183, 3.0236__1.0184, 4.0314__1.0185, 5.0392__1.0185, 6.0468__1.0186, 7.0544__1.0187, 8.0618__1.0188, 9.0691__1.0189, 10.0763__1.0191, 11.0834__1.0192, 12.0904__1.0194, 13.0971__1.0195, 14.1038__1.0197, 15.1102__1.0199, 16.1165__1.0201, 17.1225__1.0203, 18.1282__1.0206, 19.1337__1.0209, 20.1389__1.0213, 21.1437__1.0216, 22.1481__1.0220, 23.1522__1.0223, 24.1560__1.0226, 25.1595__1.0229, 26.1628__1.0231, 27.1660__1.0232, 28.1690__1.0233, 29.1719__1.0234, 30.1747__1.0236, 31.1773__1.0237, 32.1798__1.0239, 33.1821__1.0242, 34.1841__1.0244, 35.1858__1.0247, 36.1872__1.0251, 37.1883__1.0254, 38.1891__1.0257, 39.1896__1.0259, 40.1899__1.0261, 41.1901__1.0261, 42.1903__1.0262, 43.1905__1.0262, 44.1905__1.0264, 45.1904__1.0268, 46.1899__1.0277, 47.1893__1.0301, 48.1856__1.0335, 49.1691__1.0311, 50.1603__1.0197, 51.1446__1.0122, 52.1295__1.0098, 53.1161__1.0076, 54.1053__1.0058, 55.0935__1.0060, 56.0837__1.0059, 57.0735__1.0035, 58.0606__1.0015, 59.0488__1.0012, 60.0373__1.0020, 61.0272__1.0031, 62.0177__1.0039, 63.0090__1.0043, 64.0000__1.0043, 
0.0000__0.0000, 1.0079__0.0000, 2.0158__0.0000, 3.0236__0.0000, 4.0314__0.0000, 5.0391__0.0000, 6.0468__0.0000, 7.0543__0.0000, 8.0617__0.0000, 9.0691__0.0000, 10.0763__0.0000, 11.0834__0.0000, 12.0903__0.0000, 13.0971__0.0000, 14.1037__0.0000, 15.1101__0.0000, 16.1163__0.0000, 17.1223__0.0000, 18.1281__0.0000, 19.1336__0.0000, 20.1387__0.0000, 21.1435__0.0000, 22.1480__0.0000, 23.1521__0.0000, 24.1559__0.0000, 25.1594__0.0000, 26.1628__0.0000, 27.1659__0.0000, 28.1689__0.0000, 29.1718__0.0000, 30.1746__0.0000, 31.1772__0.0000, 32.1797__0.0000, 33.1819__0.0000, 34.1839__0.0000, 35.1856__0.0000, 36.1871__0.0000, 37.1881__0.0000, 38.1889__0.0000, 39.1895__0.0000, 40.1898__0.0000, 41.1901__0.0000, 42.1903__0.0000, 43.1904__0.0000, 44.1904__0.0000, 45.1901__0.0000, 46.1891__0.0000, 47.1867__0.0000, 48.1820__0.0000, 49.1734__0.0000, 50.1672__0.0000, 51.1463__0.0000, 52.1305__0.0000, 53.1174__0.0000, 54.1059__0.0000, 55.0928__0.0000, 56.0846__0.0000, 57.0752__0.0000, 58.0611__0.0000, 59.0487__0.0000, 60.0365__0.0000, 61.0267__0.0000, 62.0173__0.0000, 63.0090__0.0000, 64.0000__0.0000